ticker,market_cap,pe,pb,roce_pct,roe_pct,peg,debt_to_equity,opm_pct,insider_holding_pct,pledging_status,market_cap_ok,pe_ok,pb_ok,roce_ok,roe_ok,peg_ok,de_ok,opm_ok,insider_holding_ok,unknown_metric_count,required_fail_count,failed_filters,insider_bonus,qualified
MMM,83490308096,28.754885,28.28267,18.33,81.89,1.6065,437.937,20.35,0.1,NOT AVAILABLE - manual check only,True,False,False,True,True,True,False,True,False,0,3,PE 10-25; Price/Book <= 2.5; Debt/Equity,False,False
AOS,7712811520,15.8078,4.187574,31.95,27.13,1.3656,36.766,18.93,0.46,NOT AVAILABLE - manual check only,True,True,False,True,True,True,True,True,False,0,1,Price/Book <= 2.5,False,False
ABT,168712372224,31.553398,3.3009446,12.76,10.58,1.8991,63.212,14.71,0.49,NOT AVAILABLE - manual check only,True,False,False,False,False,True,True,False,False,0,5,PE 10-25; Price/Book <= 2.5; ROCE > 15%; ROE > 15%; Operating margin > 15%,False,False
ABBV,464433774592,73.61905,-78.24353,10.47,,0.5421,,40.03,0.11,NOT AVAILABLE - manual check only,True,False,True,False,,True,,True,False,2,2,PE 10-25; ROCE > 15%,False,False
ACN,121715277824,15.89928,3.8161201,24.07,26.02,1.3333,40.283,15.33,0.04,NOT AVAILABLE - manual check only,True,True,False,True,True,True,True,True,False,0,1,Price/Book <= 2.5,False,False
ADBE,94481776640,13.263951,7.9000897,46.63,61.9,0.5816,57.693,34.82,0.23,NOT AVAILABLE - manual check only,True,True,False,True,True,True,True,True,False,0,1,Price/Book <= 2.5,False,False
AMD,1034842210304,161.30025,15.389525,6.33,10.2,0.626,6.361,17.25,0.42,NOT AVAILABLE - manual check only,True,False,False,False,False,True,True,True,False,0,4,PE 10-25; Price/Book <= 2.5; ROCE > 15%; ROE > 15%,False,False
AES,10637370368,5.5842695,2.1515152,3.42,9.57,,256.886,18.67,0.58,NOT AVAILABLE - manual check only,True,False,True,False,False,,False,True,False,1,4,PE 10-25; ROCE > 15%; ROE > 15%; Debt/Equity,False,False
AFL,55919833088,12.032362,1.8481574,,16.91,,53.365,25.72,10.9,NOT AVAILABLE - manual check only,True,True,True,,True,,True,True,False,2,0,,False,True
A,47308226560,33.0927,6.425152,14.9,20.97,1.3652,56.336,25.56,0.19,NOT AVAILABLE - manual check only,True,False,False,False,True,True,True,True,False,0,3,PE 10-25; Price/Book <= 2.5; ROCE > 15%,False,False
APD,61810827264,,4.4520187,-0.62,0.02,2.0651,110.091,25.54,1.89,NOT AVAILABLE - manual check only,True,,False,False,False,False,False,True,False,1,5,Price/Book <= 2.5; ROCE > 15%; ROE > 15%; PEG <= 2; Debt/Equity,False,False
ABNB,97260748800,37.0,12.287616,29.72,34.54,1.4191,32.004,21.01,1.94,NOT AVAILABLE - manual check only,True,False,False,True,True,True,True,True,False,0,2,PE 10-25; Price/Book <= 2.5,False,False
AKAM,15653612544,39.463768,3.2936196,6.02,8.92,1.4374,196.672,7.63,2.13,NOT AVAILABLE - manual check only,True,False,False,False,False,True,False,False,False,0,6,PE 10-25; Price/Book <= 2.5; ROCE > 15%; ROE > 15%; Debt/Equity; Operating margin > 15%,False,False
ALB,12342148096,387.37033,1.5349281,-2.36,2.65,0.7941,18.976,27.71,0.21,NOT AVAILABLE - manual check only,True,False,True,False,False,True,True,True,False,0,3,PE 10-25; ROCE > 15%; ROE > 15%,False,False
ARE,8152153088,,0.51996094,-3.1,-4.08,,68.67,17.28,1.38,NOT AVAILABLE - manual check only,True,,True,False,False,,True,True,False,2,2,ROCE > 15%; ROE > 15%,False,False
ALGN,10211269632,24.95486,2.4195802,13.57,10.15,0.6239,2.855,18.25,6.13,NOT AVAILABLE - manual check only,True,True,True,False,False,True,True,True,False,0,2,ROCE > 15%; ROE > 15%,False,False
ALLE,13113523200,20.237534,6.1914325,19.46,33.73,2.0408,104.895,22.1,0.23,NOT AVAILABLE - manual check only,True,True,False,True,True,False,False,True,False,0,3,Price/Book <= 2.5; PEG <= 2; Debt/Equity,False,False
LNT,16679785472,20.357595,2.215373,5.02,11.13,1.96,160.951,19.05,0.15,NOT AVAILABLE - manual check only,True,True,True,False,False,True,False,True,False,0,3,ROCE > 15%; ROE > 15%; Debt/Equity,False,False
ALL,56574439424,4.4801764,1.7929178,,46.11,1.6878,22.261,22.83,0.5,NOT AVAILABLE - manual check only,True,False,True,,True,True,True,True,False,1,1,PE 10-25,False,False
GOOGL,4200982642688,17.243977,6.749057,32.4,48.68,1.2549,18.859,34.03,1.6,NOT AVAILABLE - manual check only,True,True,False,True,True,True,True,True,False,0,1,Price/Book <= 2.5,False,False
GOOG,4162458484736,17.068707,6.687166,32.4,48.68,1.1971,18.859,34.03,0.52,NOT AVAILABLE - manual check only,True,True,False,True,True,True,True,True,False,0,1,Price/Book <= 2.5,False,False
MO,112457244672,14.178947,-42.14643,40.85,,2.6418,,76.36,0.12,NOT AVAILABLE - manual check only,True,True,True,True,,False,,True,False,2,1,PEG <= 2,False,False
AMZN,2712973606912,20.234915,4.9167256,16.6,30.56,1.4781,45.617,13.69,8.87,NOT AVAILABLE - manual check only,True,True,False,True,True,True,True,False,False,0,2,Price/Book <= 2.5; Operating margin > 15%,False,False
AMCR,19337048064,17.588234,1.6401536,6.6,9.4,0.9797,128.294,9.69,0.25,NOT AVAILABLE - manual check only,True,True,True,False,False,True,False,False,False,0,4,ROCE > 15%; ROE > 15%; Debt/Equity; Operating margin > 15%,False,False
AEE,27667716096,17.595072,2.0211542,5.32,11.94,2.5039,157.846,25.24,0.32,NOT AVAILABLE - manual check only,True,True,True,False,False,False,False,True,False,0,4,ROCE > 15%; ROE > 15%; PEG <= 2; Debt/Equity,False,False
AEP,65093595136,20.68685,2.0290518,5.68,10.13,2.004,160.789,23.25,0.03,NOT AVAILABLE - manual check only,True,True,True,False,False,False,False,True,False,0,4,ROCE > 15%; ROE > 15%; PEG <= 2; Debt/Equity,False,False
AXP,204470304768,18.383728,5.9619966,,34.38,1.2238,172.38,20.32,22.56,NOT AVAILABLE - manual check only,True,True,False,,True,True,False,True,False,1,2,Price/Book <= 2.5; Debt/Equity,False,False
AIG,39180386304,13.673358,0.968263,,7.22,0.6373,22.466,19.41,0.55,NOT AVAILABLE - manual check only,True,True,True,,False,True,True,True,False,1,1,ROE > 15%,False,False
AMT,75578720256,22.310865,20.318176,7.82,33.91,1.6139,438.721,45.41,0.08,NOT AVAILABLE - manual check only,True,True,False,False,True,True,False,True,False,0,3,Price/Book <= 2.5; ROCE > 15%; Debt/Equity,False,False
AWK,25884450816,22.573656,2.2189853,6.64,10.1,2.3575,137.745,40.66,0.12,NOT AVAILABLE - manual check only,True,True,True,False,False,False,False,True,False,0,4,ROCE > 15%; ROE > 15%; PEG <= 2; Debt/Equity,False,False
AMP,43363659776,11.961744,6.8206577,,63.43,1.4133,67.578,30.72,0.18,NOT AVAILABLE - manual check only,True,True,False,,True,True,True,True,False,1,1,Price/Book <= 2.5,False,False
AME,57757786112,36.778103,5.129077,14.21,14.56,2.7999,20.522,26.18,0.39,NOT AVAILABLE - manual check only,True,False,False,False,False,False,True,True,False,0,5,PE 10-25; Price/Book <= 2.5; ROCE > 15%; ROE > 15%; PEG <= 2,False,False
AMGN,217896321024,25.064678,18.641998,18.02,91.47,2.4515,490.281,35.55,0.23,NOT AVAILABLE - manual check only,True,False,False,True,True,False,False,True,False,0,4,PE 10-25; Price/Book <= 2.5; PEG <= 2; Debt/Equity,False,False
APH,214440476672,43.48,13.83832,20.28,38.12,0.9304,120.415,29.78,0.53,NOT AVAILABLE - manual check only,True,False,False,True,True,True,False,True,False,0,3,PE 10-25; Price/Book <= 2.5; Debt/Equity,False,False
ADI,202136485888,49.483982,6.0247836,6.77,12.23,0.5757,27.314,39.5,0.24,NOT AVAILABLE - manual check only,True,False,False,False,False,True,True,True,False,0,4,PE 10-25; Price/Book <= 2.5; ROCE > 15%; ROE > 15%,False,False
AON,57157201920,14.862108,5.95154,20.23,44.7,2.2083,163.481,23.46,1.01,NOT AVAILABLE - manual check only,True,True,False,True,True,False,False,True,False,0,3,Price/Book <= 2.5; PEG <= 2; Debt/Equity,False,False
APA,15303354368,9.21519,2.1816003,20.2,26.66,1.1785,48.854,56.33,0.44,NOT AVAILABLE - manual check only,True,False,True,True,True,True,True,True,False,0,1,PE 10-25,False,False
APO,67333730304,40.721428,3.3492935,5.46,11.41,0.4661,100.969,21.95,26.24,NOT AVAILABLE - manual check only,True,False,False,False,False,True,False,True,False,0,5,PE 10-25; Price/Book <= 2.5; ROCE > 15%; ROE > 15%; Debt/Equity,False,False
AAPL,4869931925504,38.31114,45.338314,68.72,148.75,2.706,78.445,32.62,1.65,NOT AVAILABLE - manual check only,True,False,False,True,True,False,True,True,False,0,3,PE 10-25; Price/Book <= 2.5; PEG <= 2,False,False
AMAT,428574343168,46.51507,16.724163,33.71,41.07,0.8297,28.666,33.74,0.33,NOT AVAILABLE - manual check only,True,False,False,True,True,True,True,True,False,0,2,PE 10-25; Price/Book <= 2.5,False,False
APP,90105700352,20.61645,28.431206,70.2,203.69,0.6831,111.13,77.68,4.72,NOT AVAILABLE - manual check only,True,True,False,True,True,True,False,True,False,0,2,Price/Book <= 2.5; Debt/Equity,False,False
APTV,9040355328,19.701357,1.0364692,6.97,5.16,0.9507,64.938,12.68,0.84,NOT AVAILABLE - manual check only,True,True,True,False,False,True,True,False,False,0,3,ROCE > 15%; ROE > 15%; Operating margin > 15%,False,False
ACGL,31939045376,7.3239436,1.3700635,,19.94,,17.836,26.58,2.79,NOT AVAILABLE - manual check only,True,False,True,,True,,True,True,False,2,1,PE 10-25,False,False
ADM,38773645312,21.980873,1.6449587,5.68,7.64,1.0151,39.134,4.01,0.71,NOT AVAILABLE - manual check only,True,True,True,False,False,True,True,False,False,0,3,ROCE > 15%; ROE > 15%; Operating margin > 15%,False,False
ARES,39000260608,54.170506,10.656332,9.72,14.92,0.9025,172.378,9.47,11.16,NOT AVAILABLE - manual check only,True,False,False,False,False,True,False,False,False,0,6,PE 10-25; Price/Book <= 2.5; ROCE > 15%; ROE > 15%; Debt/Equity; Operating margin > 15%,False,False
ANET,261514952704,65.82539,17.672379,27.4,31.48,1.5225,,45.39,17.25,NOT AVAILABLE - manual check only,True,False,False,True,True,True,,True,False,1,2,PE 10-25; Price/Book <= 2.5,False,False
AJG,57961263104,37.435432,2.4434814,6.58,6.72,0.7149,59.401,19.16,0.87,NOT AVAILABLE - manual check only,True,False,True,False,False,True,True,True,False,0,3,PE 10-25; ROCE > 15%; ROE > 15%,False,False
AIZ,13185229824,12.802683,2.164815,,18.34,,36.211,11.73,0.7,NOT AVAILABLE - manual check only,True,True,True,,True,,True,False,False,2,1,Operating margin > 15%,False,False
T,166512967680,8.019802,1.5134529,9.23,18.34,1.5352,129.054,24.79,0.09,NOT AVAILABLE - manual check only,True,False,True,False,True,True,False,True,False,0,3,PE 10-25; ROCE > 15%; Debt/Equity,False,False
ATO,26559932416,18.733015,1.7406857,6.14,9.79,1.8975,67.662,37.22,0.4,NOT AVAILABLE - manual check only,True,True,True,False,False,True,True,True,False,0,2,ROCE > 15%; ROE > 15%,False,False
ADSK,44308000768,27.461142,13.09693,26.94,53.85,0.845,109.518,29.23,0.23,NOT AVAILABLE - manual check only,True,False,False,True,True,True,False,True,False,0,3,PE 10-25; Price/Book <= 2.5; Debt/Equity,False,False
ADP,102106095616,23.53242,16.996239,47.0,72.24,2.5013,91.436,23.46,0.14,NOT AVAILABLE - manual check only,True,True,False,True,True,False,True,True,False,0,2,Price/Book <= 2.5; PEG <= 2,False,False
AZO,45155500032,19.379675,-18.044413,36.82,,1.3095,,19.97,0.25,NOT AVAILABLE - manual check only,True,True,True,True,,True,,True,False,2,0,,False,True
AVY,12874131456,18.585339,5.5509443,17.25,31.16,,158.653,13.59,0.64,NOT AVAILABLE - manual check only,True,True,False,True,True,,False,False,False,1,3,Price/Book <= 2.5; Debt/Equity; Operating margin > 15%,False,False
AXON,33579487232,172.22916,9.13824,2.05,6.22,2.1074,50.363,5.17,4.51,NOT AVAILABLE - manual check only,True,False,False,False,False,False,True,False,False,0,6,PE 10-25; Price/Book <= 2.5; ROCE > 15%; ROE > 15%; PEG <= 2; Operating margin > 15%,False,False
BKR,55589748736,18.006432,2.7913468,11.48,16.46,1.6186,80.925,12.83,0.15,NOT AVAILABLE - manual check only,True,True,False,False,True,True,True,False,False,0,3,Price/Book <= 2.5; ROCE > 15%; Operating margin > 15%,False,False
BALL,14921327616,16.151861,2.5959015,10.27,17.15,1.0106,131.495,9.23,0.26,NOT AVAILABLE - manual check only,True,True,False,False,True,True,False,False,False,0,4,Price/Book <= 2.5; ROCE > 15%; Debt/Equity; Operating margin > 15%,False,False
BAC,375860232192,12.413395,1.3662244,,11.2,0.8463,,38.3,7.03,NOT AVAILABLE - manual check only,True,True,True,,False,True,,True,False,2,1,ROE > 15%,False,False
BAX,12144235520,,1.9568478,-1.26,-14.37,,156.449,14.43,0.34,NOT AVAILABLE - manual check only,True,,True,False,False,,False,False,False,2,4,ROCE > 15%; ROE > 15%; Debt/Equity; Operating margin > 15%,False,False
BDX,48157990912,30.588234,1.9723998,5.31,6.61,1.1074,68.84,15.73,0.43,NOT AVAILABLE - manual check only,True,False,True,False,False,True,True,True,False,0,3,PE 10-25; ROCE > 15%; ROE > 15%,False,False
BRK-B,1076027719680,12.642103,0.0009625145,,12.12,,17.142,32.56,0.27,NOT AVAILABLE - manual check only,True,True,True,,False,,True,True,False,2,1,ROE > 15%,False,False
BBY,18449745920,14.637271,5.815045,20.76,43.13,1.6991,130.097,3.9,6.52,NOT AVAILABLE - manual check only,True,True,False,True,True,True,False,False,False,0,3,Price/Book <= 2.5; Debt/Equity; Operating margin > 15%,False,False
TECH,11353640960,62.413795,5.360581,10.33,9.03,2.1116,13.712,27.87,0.34,NOT AVAILABLE - manual check only,True,False,False,False,False,False,True,True,False,0,5,PE 10-25; Price/Book <= 2.5; ROCE > 15%; ROE > 15%; PEG <= 2,False,False
BIIB,32488151040,39.546764,1.7230625,6.99,4.58,2.3453,44.329,25.06,0.19,NOT AVAILABLE - manual check only,True,False,True,False,False,False,True,True,False,0,4,PE 10-25; ROCE > 15%; ROE > 15%; PEG <= 2,False,False
BLK,172164644864,25.38036,2.850736,4.89,12.28,0.8893,23.192,35.08,1.92,NOT AVAILABLE - manual check only,True,False,False,False,False,True,True,True,False,0,4,PE 10-25; Price/Book <= 2.5; ROCE > 15%; ROE > 15%,False,False
BX,133574524928,25.000002,9.916585,,31.37,1.0877,68.185,54.36,1.04,NOT AVAILABLE - manual check only,True,False,False,,True,True,True,True,False,1,2,PE 10-25; Price/Book <= 2.5,False,False
XYZ,44657094656,132.73215,2.025451,10.44,1.61,0.5721,32.58,7.0,1.19,NOT AVAILABLE - manual check only,True,False,True,False,False,True,True,False,False,0,4,PE 10-25; ROCE > 15%; ROE > 15%; Operating margin > 15%,False,False
BE,85162582016,370.70514,52.620564,-0.81,22.21,0.6219,171.578,17.11,5.54,NOT AVAILABLE - manual check only,True,False,False,False,True,True,False,True,False,0,4,PE 10-25; Price/Book <= 2.5; ROCE > 15%; Debt/Equity,False,False
BNY,98654494720,16.809248,2.4719062,,14.12,1.1354,,40.05,0.24,NOT AVAILABLE - manual check only,True,True,True,,False,True,,True,False,2,1,ROE > 15%,False,False
BA,152984027136,69.37634,25.085535,8.99,173.54,1.4887,790.875,0.0,0.06,NOT AVAILABLE - manual check only,True,False,False,False,True,True,False,False,False,0,5,PE 10-25; Price/Book <= 2.5; ROCE > 15%; Debt/Equity; Operating margin > 15%,False,False
BKNG,119484530688,17.66889,-11.178125,67.24,,0.6067,,34.41,0.18,NOT AVAILABLE - manual check only,True,True,True,True,,True,,True,False,2,0,,False,True
BSX,61737177088,17.246964,2.4721446,9.77,15.34,0.6251,50.151,22.9,0.25,NOT AVAILABLE - manual check only,True,True,True,False,True,True,True,True,False,0,1,ROCE > 15%,False,False
BMY,124912001024,13.469164,5.5972543,16.84,46.6,17.0263,201.859,34.42,0.1,NOT AVAILABLE - manual check only,True,True,False,True,True,False,False,True,False,0,3,Price/Book <= 2.5; PEG <= 2; Debt/Equity,False,False
AVGO,1695307005952,43.844444,17.006992,17.0,44.25,0.361,59.604,54.31,1.94,NOT AVAILABLE - manual check only,True,False,False,True,True,True,True,True,False,0,2,PE 10-25; Price/Book <= 2.5,False,False
BR,17717401600,16.346874,6.2981095,20.68,40.92,1.7766,123.939,24.61,0.36,NOT AVAILABLE - manual check only,True,True,False,True,True,True,False,True,False,0,2,Price/Book <= 2.5; Debt/Equity,False,False
BRO,20046508032,19.140574,1.5712037,7.73,10.02,,63.975,41.84,13.28,NOT AVAILABLE - manual check only,True,True,True,False,False,,True,True,False,1,2,ROCE > 15%; ROE > 15%,False,False
BF-B,12003889152,16.87742,3.023229,14.83,18.12,2.0047,61.502,27.55,2.8,NOT AVAILABLE - manual check only,True,True,False,False,True,False,True,True,False,0,3,Price/Book <= 2.5; ROCE > 15%; PEG <= 2,False,False
BG,20502951936,23.0,1.2851329,5.99,7.18,,97.995,4.62,18.37,NOT AVAILABLE - manual check only,True,True,True,False,False,,True,False,False,1,3,ROCE > 15%; ROE > 15%; Operating margin > 15%,False,False
BXP,10934040576,32.5,1.8705903,4.2,5.31,2.3159,211.631,28.75,0.38,NOT AVAILABLE - manual check only,True,False,True,False,False,False,False,True,False,0,5,PE 10-25; ROCE > 15%; ROE > 15%; PEG <= 2; Debt/Equity,False,False
CHRW,18429779968,30.156788,11.348395,24.64,37.12,1.8224,121.188,5.34,0.35,NOT AVAILABLE - manual check only,True,False,False,True,True,True,False,False,False,0,4,PE 10-25; Price/Book <= 2.5; Debt/Equity; Operating margin > 15%,False,False
CDNS,96759332864,69.99004,14.109308,19.24,23.23,2.3143,38.661,28.57,0.33,NOT AVAILABLE - manual check only,True,False,False,True,True,False,True,True,False,0,3,PE 10-25; Price/Book <= 2.5; PEG <= 2,False,False
CPT,11105697792,31.669968,2.5881274,6.26,7.89,,125.648,16.1,1.47,NOT AVAILABLE - manual check only,True,False,False,False,False,,False,True,False,1,5,PE 10-25; Price/Book <= 2.5; ROCE > 15%; ROE > 15%; Debt/Equity,False,False
COF,119457775616,10.7283745,1.1600213,,9.03,0.1803,,33.63,1.23,NOT AVAILABLE - manual check only,True,True,True,,False,True,,True,False,2,1,ROE > 15%,False,False
CAH,52864999424,31.53315,-18.451468,18.83,,1.1136,,1.33,0.28,NOT AVAILABLE - manual check only,True,False,True,True,,True,,False,False,2,2,PE 10-25; Operating margin > 15%,False,False
CCL,34637160448,11.348018,2.7253492,10.68,24.0,0.757,177.11,26.43,7.24,NOT AVAILABLE - manual check only,True,True,False,False,True,True,False,True,False,0,3,Price/Book <= 2.5; ROCE > 15%; Debt/Equity,False,False
CARR,45436796928,39.37143,3.4590523,7.5,8.97,1.0741,91.998,13.07,4.76,NOT AVAILABLE - manual check only,True,False,False,False,False,True,True,False,False,0,5,PE 10-25; Price/Book <= 2.5; ROCE > 15%; ROE > 15%; Operating margin > 15%,False,False
CVNA,70686736384,33.387436,11.383434,-3.3,58.77,,110.88,9.22,2.1,NOT AVAILABLE - manual check only,True,False,False,False,True,,False,False,False,1,5,PE 10-25; Price/Book <= 2.5; ROCE > 15%; Debt/Equity; Operating margin > 15%,False,False
CASY,22832513024,29.742899,5.580085,13.63,19.98,2.7014,70.547,6.5,0.58,NOT AVAILABLE - manual check only,True,False,False,False,True,False,True,False,False,0,5,PE 10-25; Price/Book <= 2.5; ROCE > 15%; PEG <= 2; Operating margin > 15%,False,False
CAT,388618321920,36.36215,20.036972,19.42,56.97,1.421,232.783,22.18,0.22,NOT AVAILABLE - manual check only,True,False,False,True,True,True,False,True,False,0,3,PE 10-25; Price/Book <= 2.5; Debt/Equity,False,False
CBOE,28327958528,21.142635,5.041352,23.32,26.3,2.3792,28.09,34.63,0.25,NOT AVAILABLE - manual check only,True,True,False,True,True,False,True,True,False,0,2,Price/Book <= 2.5; PEG <= 2,False,False
CBRE,37523169280,29.652176,4.4722853,6.97,15.8,0.7429,117.789,3.61,0.51,NOT AVAILABLE - manual check only,True,False,False,False,True,True,False,False,False,0,5,PE 10-25; Price/Book <= 2.5; ROCE > 15%; Debt/Equity; Operating margin > 15%,False,False
CDW,16663571456,16.020433,6.8388915,18.8,44.01,,263.278,7.34,0.46,NOT AVAILABLE - manual check only,True,True,False,True,True,,False,False,False,1,3,Price/Book <= 2.5; Debt/Equity; Operating margin > 15%,False,False
COR,58975133696,22.943577,19.330122,14.27,96.87,0.6539,446.516,1.41,4.3,NOT AVAILABLE - manual check only,True,True,False,False,True,True,False,False,False,0,4,Price/Book <= 2.5; ROCE > 15%; Debt/Equity; Operating margin > 15%,False,False
CNC,31116746752,,1.3791518,-15.11,-20.36,0.7484,71.082,3.76,0.39,NOT AVAILABLE - manual check only,True,,True,False,False,True,True,False,False,1,3,ROCE > 15%; ROE > 15%; Operating margin > 15%,False,False
CNP,24893038592,22.49405,2.1238692,5.34,9.83,1.6234,210.256,24.49,0.23,NOT AVAILABLE - manual check only,True,True,True,False,False,True,False,True,False,0,3,ROCE > 15%; ROE > 15%; Debt/Equity,False,False
CF,17405399040,8.531899,3.033204,18.06,29.87,0.603,40.504,49.33,0.45,NOT AVAILABLE - manual check only,True,False,False,True,True,True,True,True,False,0,2,PE 10-25; Price/Book <= 2.5,False,False
CRL,13977793536,,4.877471,0.13,-7.52,0.1222,105.047,15.11,0.47,NOT AVAILABLE - manual check only,True,,False,False,False,True,False,True,False,1,4,Price/Book <= 2.5; ROCE > 15%; ROE > 15%; Debt/Equity,False,False
SCHW,167226753024,17.613844,3.8036423,,20.27,0.8418,151.106,52.28,6.21,NOT AVAILABLE - manual check only,True,True,False,,True,True,False,True,False,1,2,Price/Book <= 2.5; Debt/Equity,False,False
CHTR,14203066368,2.843872,0.76898724,8.87,27.2,0.6601,441.578,23.5,3.1,NOT AVAILABLE - manual check only,True,False,True,False,True,True,False,True,False,0,3,PE 10-25; ROCE > 15%; Debt/Equity,False,False
CVX,405443805184,19.874039,2.1352272,7.21,12.23,0.8994,18.959,21.87,4.77,NOT AVAILABLE - manual check only,True,True,True,False,False,True,True,True,False,0,2,ROCE > 15%; ROE > 15%,False,False
CMG,40948928512,29.962963,18.651297,25.78,49.56,,246.35,16.11,0.72,NOT AVAILABLE - manual check only,True,False,False,True,True,,False,True,False,1,3,PE 10-25; Price/Book <= 2.5; Debt/Equity,False,False
CB,127657328640,11.725373,1.692965,,14.82,2.5224,30.941,23.53,9.45,NOT AVAILABLE - manual check only,True,True,True,,False,False,True,True,False,1,2,ROE > 15%; PEG <= 2,False,False
CHD,22370699264,30.227564,5.1437144,14.19,17.04,2.6723,55.851,18.07,0.2,NOT AVAILABLE - manual check only,True,False,False,False,True,False,True,True,False,0,4,PE 10-25; Price/Book <= 2.5; ROCE > 15%; PEG <= 2,False,False
CIEN,55495348224,87.74439,18.166372,5.44,22.4,0.5679,107.496,18.08,0.57,NOT AVAILABLE - manual check only,True,False,False,False,True,True,False,True,False,0,4,PE 10-25; Price/Book <= 2.5; ROCE > 15%; Debt/Equity,False,False
CI,71484973056,11.183547,1.6738335,9.05,16.76,0.7509,74.29,3.98,1.44,NOT AVAILABLE - manual check only,True,True,True,False,True,True,True,False,False,0,2,ROCE > 15%; Operating margin > 15%,False,False
CINF,24855769088,7.646364,1.4901956,,21.48,,5.255,37.2,1.73,NOT AVAILABLE - manual check only,True,False,True,,True,,True,True,False,2,1,PE 10-25,False,False
CTAS,77114769408,37.996063,14.816918,33.3,41.38,3.1404,52.096,24.1,14.46,NOT AVAILABLE - manual check only,True,False,False,True,True,False,True,True,False,0,3,PE 10-25; Price/Book <= 2.5; PEG <= 2,False,False
CSCO,442358235136,33.693695,8.804833,19.84,27.32,0.9812,62.017,27.72,0.06,NOT AVAILABLE - manual check only,True,False,False,True,True,True,True,True,False,0,2,PE 10-25; Price/Book <= 2.5,False,False
C,215550623744,13.846983,1.1199428,,8.53,0.6001,,36.23,0.27,NOT AVAILABLE - manual check only,True,True,True,,False,True,,True,False,2,1,ROE > 15%,False,False
CFG,27094304768,14.01525,1.1295675,,8.27,,,35.13,0.71,NOT AVAILABLE - manual check only,True,True,True,,False,,,True,False,3,1,ROE > 15%,False,False
CLX,9724062720,16.717257,108.07796,18.34,163.76,1.0911,2221.429,12.88,0.81,NOT AVAILABLE - manual check only,True,True,False,True,True,True,False,False,False,0,3,Price/Book <= 2.5; Debt/Equity; Operating margin > 15%,False,False
CME,94619688960,22.318916,3.5648098,14.44,15.8,4.7092,14.587,65.04,0.44,NOT AVAILABLE - manual check only,True,True,False,False,True,False,True,True,False,0,3,Price/Book <= 2.5; ROCE > 15%; PEG <= 2,False,False
CMS,19987408896,19.141142,2.0930614,5.62,9.16,2.2767,185.604,17.17,0.55,NOT AVAILABLE - manual check only,True,True,True,False,False,False,False,True,False,0,4,ROCE > 15%; ROE > 15%; PEG <= 2; Debt/Equity,False,False
KO,368513318912,25.720722,10.195215,21.13,42.05,4.025,115.519,34.87,9.9,NOT AVAILABLE - manual check only,True,False,False,True,True,False,False,True,False,0,4,PE 10-25; Price/Book <= 2.5; PEG <= 2; Debt/Equity,False,False
CTSH,26355490816,12.555794,1.828666,20.64,14.92,0.8549,14.479,17.48,0.13,NOT AVAILABLE - manual check only,True,True,True,True,False,True,True,True,False,0,1,ROE > 15%,False,False
COHR,66003300352,82.00487,6.0509877,6.72,7.98,,31.612,11.83,4.45,NOT AVAILABLE - manual check only,True,False,False,False,False,,True,False,False,1,5,PE 10-25; Price/Book <= 2.5; ROCE > 15%; ROE > 15%; Operating margin > 15%,False,False
COIN,48282157056,,3.6906323,7.67,-7.85,2.3685,50.982,-13.92,1.32,NOT AVAILABLE - manual check only,True,,False,False,False,False,True,False,False,1,5,Price/Book <= 2.5; ROCE > 15%; ROE > 15%; PEG <= 2; Operating margin > 15%,False,False
CL,67169783808,33.17323,284.66217,35.1,267.37,1.566,1388.163,20.97,0.15,NOT AVAILABLE - manual check only,True,False,False,True,True,True,False,True,False,0,3,PE 10-25; Price/Book <= 2.5; Debt/Equity,False,False
CMCSA,76544090112,6.9134617,0.8521986,12.62,11.49,,100.474,17.23,0.74,NOT AVAILABLE - manual check only,True,False,True,False,False,,False,True,False,1,4,PE 10-25; ROCE > 15%; ROE > 15%; Debt/Equity,False,False
FIX,60816150528,42.551342,18.87504,42.67,55.29,0.5431,11.498,17.06,1.08,NOT AVAILABLE - manual check only,True,False,False,True,True,True,True,True,False,0,2,PE 10-25; Price/Book <= 2.5,False,False
COP,152269520896,16.788078,2.3300917,12.63,14.18,1.0836,35.639,31.51,0.1,NOT AVAILABLE - manual check only,True,True,True,False,False,True,True,True,False,0,2,ROCE > 15%; ROE > 15%,False,False
ED,38236581888,17.032948,1.4873904,5.63,8.96,2.0608,110.113,16.54,0.2,NOT AVAILABLE - manual check only,True,True,True,False,False,False,False,True,False,0,4,ROCE > 15%; ROE > 15%; PEG <= 2; Debt/Equity,False,False
STZ,19278688256,10.749524,2.344279,14.26,23.69,1.495,123.205,35.93,12.56,NOT AVAILABLE - manual check only,True,True,True,False,True,True,False,True,False,0,2,ROCE > 15%; Debt/Equity,False,False
CEG,91230609408,25.194715,2.8610318,8.16,15.06,,76.419,8.66,0.34,NOT AVAILABLE - manual check only,True,False,False,False,True,,True,False,False,1,4,PE 10-25; Price/Book <= 2.5; ROCE > 15%; Operating margin > 15%,False,False
COO,10821737472,19.5567,1.2990185,5.91,6.84,0.5198,33.634,20.82,0.63,NOT AVAILABLE - manual check only,True,True,True,False,False,True,True,True,False,0,2,ROCE > 15%; ROE > 15%,False,False
CPRT,25214713856,17.56129,2.7716117,18.04,16.16,2.833,0.97,32.01,9.01,NOT AVAILABLE - manual check only,True,True,False,True,True,False,True,True,False,0,2,Price/Book <= 2.5; PEG <= 2,False,False
GLW,141431357440,75.66359,11.843757,9.42,16.81,0.9548,71.448,15.65,8.07,NOT AVAILABLE - manual check only,True,False,False,False,True,True,True,True,False,0,3,PE 10-25; Price/Book <= 2.5; ROCE > 15%,False,False
CPAY,25909278720,23.98784,7.3145866,16.06,29.22,0.7512,275.291,46.92,3.78,NOT AVAILABLE - manual check only,True,True,False,True,True,True,False,True,False,0,2,Price/Book <= 2.5; Debt/Equity,False,False
CTVA,7952976896,7.2242427,0.31602108,6.08,,1.0455,,0.0,0.11,NOT AVAILABLE - manual check only,True,False,True,False,,True,,False,False,2,3,PE 10-25; ROCE > 15%; Operating margin > 15%,False,False
CSGP,11094309888,152.1111,1.3972952,-0.74,0.89,0.1054,14.537,8.22,0.75,NOT AVAILABLE - manual check only,True,False,True,False,False,True,True,False,False,0,4,PE 10-25; ROCE > 15%; ROE > 15%; Operating margin > 15%,False,False
COST,408092835840,44.454372,11.398273,27.44,28.4,4.4343,23.953,3.97,0.08,NOT AVAILABLE - manual check only,True,False,False,True,True,False,True,False,False,0,4,PE 10-25; Price/Book <= 2.5; PEG <= 2; Operating margin > 15%,False,False
CRH,54513410048,14.477033,2.2701833,11.33,15.81,1.5259,77.592,19.02,0.14,NOT AVAILABLE - manual check only,True,True,True,False,True,True,True,True,False,0,1,ROCE > 15%,False,False
CRWD,276503363584,9001.334,54.192257,-1.43,1.46,8.3997,15.958,-2.26,1.41,NOT AVAILABLE - manual check only,True,False,False,False,False,False,True,False,False,0,6,PE 10-25; Price/Book <= 2.5; ROCE > 15%; ROE > 15%; PEG <= 2; Operating margin > 15%,False,False
CCI,29034280960,27.118368,-8.65555,7.62,,0.5527,,46.83,0.1,NOT AVAILABLE - manual check only,True,False,True,False,,True,,True,False,2,2,PE 10-25; ROCE > 15%,False,False
CSX,87862886400,27.57558,6.2391477,11.38,24.36,1.7231,138.068,38.42,0.22,NOT AVAILABLE - manual check only,True,False,False,False,True,True,False,True,False,0,4,PE 10-25; Price/Book <= 2.5; ROCE > 15%; Debt/Equity,False,False
CMI,72730902528,27.024042,5.6613197,17.6,21.11,1.0562,59.586,11.9,0.21,NOT AVAILABLE - manual check only,True,False,False,True,True,True,True,False,False,0,3,PE 10-25; Price/Book <= 2.5; Operating margin > 15%,False,False
CVS,110579777536,22.812664,1.3863544,3.19,6.21,0.2113,95.503,3.86,0.06,NOT AVAILABLE - manual check only,True,True,True,False,False,True,True,False,False,0,3,ROCE > 15%; ROE > 15%; Operating margin > 15%,False,False
DHR,150481190912,38.15686,2.861535,5.87,7.61,1.3236,52.97,19.78,10.96,NOT AVAILABLE - manual check only,True,False,False,False,False,True,True,True,False,0,4,PE 10-25; Price/Book <= 2.5; ROCE > 15%; ROE > 15%,False,False
DRI,22745821184,19.449514,10.352437,16.08,55.43,1.9045,415.302,9.85,0.3,NOT AVAILABLE - manual check only,True,True,False,True,True,True,False,False,False,0,3,Price/Book <= 2.5; Debt/Equity; Operating margin > 15%,False,False
DDOG,99542777856,554.44,22.786453,2.73,4.7,1.2748,29.259,0.67,0.56,NOT AVAILABLE - manual check only,True,False,False,False,False,True,True,False,False,0,5,PE 10-25; Price/Book <= 2.5; ROCE > 15%; ROE > 15%; Operating margin > 15%,False,False
DVA,11400422400,15.156065,-14.936889,13.44,88.48,0.4481,1241.986,16.06,46.91,NOT AVAILABLE - manual check only,True,True,True,False,True,True,False,True,False,0,2,ROCE > 15%; Debt/Equity,False,False
DECK,10774709248,11.319028,4.700012,46.08,42.56,0.9765,20.521,15.23,0.71,NOT AVAILABLE - manual check only,True,True,False,True,True,True,True,True,False,0,1,Price/Book <= 2.5,False,False
DE,185232654336,38.166668,6.617796,12.82,18.24,1.5909,230.298,13.37,0.17,NOT AVAILABLE - manual check only,True,False,False,False,True,True,False,False,False,0,5,PE 10-25; Price/Book <= 2.5; ROCE > 15%; Debt/Equity; Operating margin > 15%,False,False
DELL,357657378816,32.68565,-252.25113,23.21,,0.6458,,12.02,7.7,NOT AVAILABLE - manual check only,True,False,True,True,,True,,False,False,2,2,PE 10-25; Operating margin > 15%,False,False
DAL,55299518464,13.945272,2.5212123,12.78,20.12,,96.649,7.92,9.18,NOT AVAILABLE - manual check only,True,True,False,False,True,,True,False,False,1,3,Price/Book <= 2.5; ROCE > 15%; Operating margin > 15%,False,False
DVN,52415000576,10.358696,1.3124914,14.4,11.52,2.9248,28.488,41.08,0.77,NOT AVAILABLE - manual check only,True,True,True,False,False,False,True,True,False,0,3,ROCE > 15%; ROE > 15%; PEG <= 2,False,False
DXCM,32211515392,33.739132,12.289087,26.37,38.49,1.3487,53.346,24.33,0.26,NOT AVAILABLE - manual check only,True,False,False,True,True,True,True,True,False,0,2,PE 10-25; Price/Book <= 2.5,False,False
FANG,51722452992,35.3174,1.3673817,3.22,3.49,22.2883,28.678,48.47,23.88,NOT AVAILABLE - manual check only,True,False,True,False,False,False,True,True,False,0,4,PE 10-25; ROCE > 15%; ROE > 15%; PEG <= 2,False,False
DLR,67431858176,87.097565,2.4740882,3.99,2.91,11.7208,67.944,25.88,0.01,NOT AVAILABLE - manual check only,True,False,True,False,False,False,True,True,False,0,4,PE 10-25; ROCE > 15%; ROE > 15%; PEG <= 2,False,False
DG,26240161792,15.4467535,2.824977,9.15,19.69,1.6026,169.811,6.81,0.28,NOT AVAILABLE - manual check only,True,True,False,False,True,True,False,False,False,0,4,Price/Book <= 2.5; ROCE > 15%; Debt/Equity; Operating margin > 15%,False,False
DLTR,21044615168,13.728274,6.145417,16.75,46.03,1.4117,223.945,6.21,0.16,NOT AVAILABLE - manual check only,True,True,False,True,True,True,False,False,False,0,3,Price/Book <= 2.5; Debt/Equity; Operating margin > 15%,False,False
D,53923737600,21.214533,1.931632,5.34,8.28,2.3776,160.459,29.22,0.13,NOT AVAILABLE - manual check only,True,True,True,False,False,False,False,True,False,0,4,ROCE > 15%; ROE > 15%; PEG <= 2; Debt/Equity,False,False
DPZ,9845620736,16.86204,-2.4713106,82.25,,1.354,,19.08,0.48,NOT AVAILABLE - manual check only,True,True,True,True,,True,,True,False,2,0,,False,True
DASH,81958305792,99.03141,8.260185,5.37,8.89,1.0488,33.276,3.86,0.59,NOT AVAILABLE - manual check only,True,False,False,False,False,True,True,False,False,0,5,PE 10-25; Price/Book <= 2.5; ROCE > 15%; ROE > 15%; Operating margin > 15%,False,False
DOV,25547491328,22.717365,3.3161428,13.61,14.91,1.4696,42.316,18.69,1.26,NOT AVAILABLE - manual check only,True,True,False,False,False,True,True,True,False,0,3,Price/Book <= 2.5; ROCE > 15%; ROE > 15%,False,False
DOW,20203870208,,1.2739115,-3.34,-5.54,38.8911,111.913,11.59,0.2,NOT AVAILABLE - manual check only,True,,True,False,False,False,False,False,False,1,5,ROCE > 15%; ROE > 15%; PEG <= 2; Debt/Equity; Operating margin > 15%,False,False
DHI,37759672320,13.068732,1.5910805,13.2,12.63,1.1788,29.451,12.99,10.4,NOT AVAILABLE - manual check only,True,True,True,False,False,True,True,False,False,0,3,ROCE > 15%; ROE > 15%; Operating margin > 15%,False,False
DTE,25896558592,19.691454,2.131577,5.36,11.03,1.6757,229.06,13.62,0.4,NOT AVAILABLE - manual check only,True,True,True,False,False,True,False,False,False,0,4,ROCE > 15%; ROE > 15%; Debt/Equity; Operating margin > 15%,False,False
DUK,88987410432,17.188253,1.6553534,5.35,9.86,2.1261,162.155,27.5,0.13,NOT AVAILABLE - manual check only,True,True,True,False,False,False,False,True,False,0,4,ROCE > 15%; ROE > 15%; PEG <= 2; Debt/Equity,False,False
DD,17552885760,55.54701,1.2747761,2.66,1.79,,22.902,14.24,0.16,NOT AVAILABLE - manual check only,True,False,True,False,False,,True,False,False,1,4,PE 10-25; ROCE > 15%; ROE > 15%; Operating margin > 15%,False,False
ETN,169385115648,44.455654,8.363089,16.23,19.68,2.6662,105.059,16.56,0.07,NOT AVAILABLE - manual check only,True,False,False,True,True,False,False,True,False,0,4,PE 10-25; Price/Book <= 2.5; PEG <= 2; Debt/Equity,False,False
EBAY,47347998720,22.35294,10.149767,19.68,46.61,1.5617,153.012,21.57,10.03,NOT AVAILABLE - manual check only,True,True,False,True,True,True,False,True,False,0,2,Price/Book <= 2.5; Debt/Equity,False,False
ECHO,27409393664,,1.9339284,-56.67,-33.43,,123.757,14.28,13.5,NOT AVAILABLE - manual check only,True,,True,False,False,,False,False,False,2,4,ROCE > 15%; ROE > 15%; Debt/Equity; Operating margin > 15%,False,False
ECL,76725944320,36.347942,7.6303325,14.89,21.96,2.4937,138.023,18.52,0.15,NOT AVAILABLE - manual check only,True,False,False,False,True,False,False,True,False,0,5,PE 10-25; Price/Book <= 2.5; ROCE > 15%; PEG <= 2; Debt/Equity,False,False
EIX,20737626112,5.5614038,1.1886014,9.02,19.73,2.3775,228.042,26.9,0.26,NOT AVAILABLE - manual check only,True,False,True,False,True,False,False,True,False,0,4,PE 10-25; ROCE > 15%; PEG <= 2; Debt/Equity,False,False
EW,49080459264,50.684525,4.6239476,10.88,9.18,1.8519,6.568,29.84,0.19,NOT AVAILABLE - manual check only,True,False,False,False,False,True,True,True,False,0,4,PE 10-25; Price/Book <= 2.5; ROCE > 15%; ROE > 15%,False,False
ELV,83804798976,17.09111,1.8669379,,11.13,1.3035,68.953,4.56,0.19,NOT AVAILABLE - manual check only,True,True,True,,False,True,True,False,False,1,2,ROE > 15%; Operating margin > 15%,False,False
EME,34697289728,24.51262,8.531654,39.17,40.35,0.3108,13.432,10.62,0.71,NOT AVAILABLE - manual check only,True,True,False,True,True,True,True,False,False,0,2,Price/Book <= 2.5; Operating margin > 15%,False,False
EMR,90146062336,35.363235,4.4234295,10.32,12.8,1.7818,67.677,26.92,0.25,NOT AVAILABLE - manual check only,True,False,False,False,False,True,True,True,False,0,4,PE 10-25; Price/Book <= 2.5; ROCE > 15%; ROE > 15%,False,False
ETR,48212525056,25.808184,2.5831308,5.63,10.25,1.524,186.77,24.46,0.22,NOT AVAILABLE - manual check only,True,False,False,False,False,True,False,True,False,0,5,PE 10-25; Price/Book <= 2.5; ROCE > 15%; ROE > 15%; Debt/Equity,False,False
EOG,74157940736,11.002335,2.3316183,14.0,22.51,1.3513,25.891,40.72,0.27,NOT AVAILABLE - manual check only,True,True,True,False,True,True,True,True,False,0,1,ROCE > 15%,False,False
EQT,31382138880,11.640371,1.2424159,8.69,11.08,1.4894,19.595,23.37,0.9,NOT AVAILABLE - manual check only,True,True,True,False,False,True,True,True,False,0,2,ROCE > 15%; ROE > 15%,False,False
EFX,16447885312,24.647888,3.7586918,11.62,14.27,1.3382,120.956,17.3,0.64,NOT AVAILABLE - manual check only,True,True,False,False,False,True,False,True,False,0,4,Price/Book <= 2.5; ROCE > 15%; ROE > 15%; Debt/Equity,False,False
EQIX,101209522176,65.79346,7.037192,5.61,10.73,2.9822,162.217,27.02,0.27,NOT AVAILABLE - manual check only,True,False,False,False,False,False,False,True,False,0,6,PE 10-25; Price/Book <= 2.5; ROCE > 15%; ROE > 15%; PEG <= 2; Debt/Equity,False,False
ERIE,11560766464,20.080835,4.6859965,,24.81,,2.56,19.1,45.46,NOT AVAILABLE - manual check only,True,True,False,,True,,True,True,False,2,1,Price/Book <= 2.5,False,False
ESS,18518820864,41.845795,3.2435467,7.55,7.71,,122.409,33.98,0.73,NOT AVAILABLE - manual check only,True,False,False,False,False,,False,True,False,1,5,PE 10-25; Price/Book <= 2.5; ROCE > 15%; ROE > 15%; Debt/Equity,False,False
EL,33322827776,183.94,8.742395,6.29,4.75,2.1211,242.932,7.0,0.29,NOT AVAILABLE - manual check only,True,False,False,False,False,False,False,False,False,0,7,PE 10-25; Price/Book <= 2.5; ROCE > 15%; ROE > 15%; PEG <= 2; Debt/Equity; Operating margin > 15%,False,False
EG,14120478720,7.782544,0.9236584,,12.57,,23.26,19.13,0.83,NOT AVAILABLE - manual check only,True,False,True,,False,,True,True,False,2,2,PE 10-25; ROE > 15%,False,False
EVRG,18254002176,20.145037,1.7855209,4.98,9.25,,160.554,25.24,0.19,NOT AVAILABLE - manual check only,True,True,True,False,False,,False,True,False,1,3,ROCE > 15%; ROE > 15%; Debt/Equity,False,False
P,46698467328,191.9726,30.313648,8.24,17.71,2.2378,14.622,5.33,4.65,NOT AVAILABLE - manual check only,True,False,False,False,True,False,True,False,False,0,5,PE 10-25; Price/Book <= 2.5; ROCE > 15%; PEG <= 2; Operating margin > 15%,False,False
ES,24295522304,16.753246,1.4865519,5.51,9.02,2.2694,180.7,23.92,0.17,NOT AVAILABLE - manual check only,True,True,True,False,False,False,False,True,False,0,4,ROCE > 15%; ROE > 15%; PEG <= 2; Debt/Equity,False,False
EXC,41962242048,14.974264,1.4157108,5.1,9.71,2.2467,177.362,16.59,0.07,NOT AVAILABLE - manual check only,True,True,True,False,False,False,False,True,False,0,4,ROCE > 15%; ROE > 15%; PEG <= 2; Debt/Equity,False,False
EXE,19798204416,7.372413,1.0325385,9.91,14.89,0.8198,19.207,26.32,0.36,NOT AVAILABLE - manual check only,True,False,True,False,False,True,True,True,False,0,3,PE 10-25; ROCE > 15%; ROE > 15%,False,False
EXPE,31805851648,16.666668,26.30273,24.25,89.49,0.6802,230.271,18.98,0.62,NOT AVAILABLE - manual check only,True,True,False,True,True,True,False,True,False,0,2,Price/Book <= 2.5; Debt/Equity,False,False
EXPD,25019295744,28.016012,11.811599,37.31,42.67,2.9782,26.745,10.71,0.63,NOT AVAILABLE - manual check only,True,False,False,True,True,False,True,False,False,0,4,PE 10-25; Price/Book <= 2.5; PEG <= 2; Operating margin > 15%,False,False
EXR,29408614400,29.41501,2.1234384,6.15,6.95,5.3155,101.674,45.88,0.94,NOT AVAILABLE - manual check only,True,False,True,False,False,False,False,True,False,0,5,PE 10-25; ROCE > 15%; ROE > 15%; PEG <= 2; Debt/Equity,False,False
XOM,674394669056,21.108107,2.6000316,11.12,12.58,1.3811,15.921,15.86,0.08,NOT AVAILABLE - manual check only,True,True,False,False,False,True,True,True,False,0,3,Price/Book <= 2.5; ROCE > 15%; ROE > 15%,False,False
FFIV,25711007744,36.207336,6.691722,16.81,19.83,1.6292,6.546,24.65,0.5,NOT AVAILABLE - manual check only,True,False,False,True,True,True,True,True,False,0,2,PE 10-25; Price/Book <= 2.5,False,False
FDS,9460434944,18.244171,4.682769,20.55,25.47,1.2237,77.049,24.68,0.44,NOT AVAILABLE - manual check only,True,True,False,True,True,True,True,True,False,0,1,Price/Book <= 2.5,False,False
FICO,14281437184,19.155561,-3.4856017,91.89,,0.7021,,53.79,3.02,NOT AVAILABLE - manual check only,True,True,True,True,,True,,True,False,2,0,,False,True
FAST,58235502592,43.37607,14.311901,38.3,34.33,3.3899,10.851,21.02,0.09,NOT AVAILABLE - manual check only,True,False,False,True,True,False,True,True,False,0,3,PE 10-25; Price/Book <= 2.5; PEG <= 2,False,False
FRT,9326662656,21.553537,2.892504,6.92,12.55,,134.114,35.03,1.03,NOT AVAILABLE - manual check only,True,True,False,False,False,,False,True,False,1,4,Price/Book <= 2.5; ROCE > 15%; ROE > 15%; Debt/Equity,False,False
FDX,68719624192,15.65283,2.201982,8.45,14.85,1.2323,135.697,11.13,6.25,NOT AVAILABLE - manual check only,True,True,True,False,False,True,False,False,False,0,4,ROCE > 15%; ROE > 15%; Debt/Equity; Operating margin > 15%,False,False
FDXF,16879100928,25.773972,-33.962093,15.97,69.09,,,-5.77,20.08,NOT AVAILABLE - manual check only,True,False,True,True,True,,,False,False,2,2,PE 10-25; Operating margin > 15%,False,False
FERG,43203796992,21.9813,6.967305,,,1.3805,111.063,10.16,0.17,NOT AVAILABLE - manual check only,True,True,False,False,,True,False,False,False,1,4,Price/Book <= 2.5; ROCE > 15%; Debt/Equity; Operating margin > 15%,False,False
FIS,16729499648,5.084639,1.0437244,6.06,22.35,0.1819,132.51,20.67,0.13,NOT AVAILABLE - manual check only,True,False,True,False,True,True,False,True,False,0,3,PE 10-25; ROCE > 15%; Debt/Equity,False,False
FITB,46133620736,17.127945,1.4277694,,8.44,1.6918,,39.08,0.35,NOT AVAILABLE - manual check only,True,True,True,,False,True,,True,False,2,1,ROE > 15%,False,False
FSLR,18765299712,10.765105,1.8182671,14.68,18.51,0.3571,1.88,42.64,5.36,NOT AVAILABLE - manual check only,True,True,True,False,True,True,True,True,False,0,1,ROCE > 15%,False,False
FE,25078255616,23.17647,1.9388028,5.12,9.49,1.4457,200.908,19.3,0.14,NOT AVAILABLE - manual check only,True,True,True,False,False,True,False,True,False,0,3,ROCE > 15%; ROE > 15%; Debt/Equity,False,False
FISV,23589171200,8.498085,0.8755206,10.3,,1.3563,,,,NOT AVAILABLE - manual check only,True,False,True,False,,True,,,,4,2,PE 10-25; ROCE > 15%,,False
FLEX,43076079616,45.023167,7.8314304,13.52,18.38,,107.818,4.97,0.62,NOT AVAILABLE - manual check only,True,False,False,False,True,,False,False,False,1,5,PE 10-25; Price/Book <= 2.5; ROCE > 15%; Debt/Equity; Operating margin > 15%,False,False
F,48249909248,,1.350748,-6.02,-18.25,8.4768,456.708,1.88,0.4,NOT AVAILABLE - manual check only,True,,True,False,False,False,False,False,False,1,5,ROCE > 15%; ROE > 15%; PEG <= 2; Debt/Equity; Operating margin > 15%,False,False
FTNT,132765483008,64.166664,85.59602,42.99,117.44,1.9161,36.194,33.6,17.36,NOT AVAILABLE - manual check only,True,False,False,True,True,True,True,True,False,0,2,PE 10-25; Price/Book <= 2.5,False,False
FTV,17356920832,30.407408,2.8694828,7.61,7.32,,59.283,19.14,0.41,NOT AVAILABLE - manual check only,True,False,False,False,False,,True,True,False,1,4,PE 10-25; Price/Book <= 2.5; ROCE > 15%; ROE > 15%,False,False
FOXA,26261833728,16.21875,2.2473207,13.52,14.29,1.1458,64.06,25.21,1.39,NOT AVAILABLE - manual check only,True,True,True,False,False,True,True,True,False,0,2,ROCE > 15%; ROE > 15%,False,False
FOX,23567339520,14.5546875,2.0167432,13.52,14.29,1.0209,64.06,25.21,39.87,NOT AVAILABLE - manual check only,True,True,True,False,False,True,True,True,False,0,2,ROCE > 15%; ROE > 15%,False,False
BEN,16670003200,22.319729,1.4185655,2.89,7.89,0.4069,24.805,12.98,48.5,NOT AVAILABLE - manual check only,True,True,True,False,False,True,True,False,False,0,3,ROCE > 15%; ROE > 15%; Operating margin > 15%,False,False
FCX,103450705920,35.31373,5.144612,12.93,14.75,4.5363,32.149,33.4,0.72,NOT AVAILABLE - manual check only,True,False,False,False,False,False,True,True,False,0,5,PE 10-25; Price/Book <= 2.5; ROCE > 15%; ROE > 15%; PEG <= 2,False,False
GRMN,54222422016,28.985567,6.007179,20.23,21.89,3.0267,2.513,30.44,14.69,NOT AVAILABLE - manual check only,True,False,False,True,True,False,True,True,False,0,3,PE 10-25; Price/Book <= 2.5; PEG <= 2,False,False
IT,11669931008,16.618706,-71.13164,27.24,113.58,0.7091,,22.62,2.67,NOT AVAILABLE - manual check only,True,True,True,True,True,True,,True,False,1,0,,False,True
GE,321187840000,36.50472,18.208342,11.89,48.23,4.0588,113.225,20.57,0.3,NOT AVAILABLE - manual check only,True,False,False,False,True,False,False,True,False,0,5,PE 10-25; Price/Book <= 2.5; ROCE > 15%; PEG <= 2; Debt/Equity,False,False
GEHC,29038909440,14.813364,2.6458967,11.54,19.38,1.6484,93.965,14.98,0.37,NOT AVAILABLE - manual check only,True,True,False,False,True,True,True,False,False,0,3,Price/Book <= 2.5; ROCE > 15%; Operating margin > 15%,False,False
GEV,263324024832,28.329512,22.022497,6.3,82.58,1.8622,28.364,7.47,0.13,NOT AVAILABLE - manual check only,True,False,False,False,True,True,True,False,False,0,4,PE 10-25; Price/Book <= 2.5; ROCE > 15%; Operating margin > 15%,False,False
GEN,13162928128,12.859649,4.9594045,16.15,41.94,1.3749,307.831,35.55,9.73,NOT AVAILABLE - manual check only,True,True,False,True,True,True,False,True,False,0,2,Price/Book <= 2.5; Debt/Equity,False,False
GNRC,12805061632,47.85872,4.445447,6.19,9.49,0.5635,49.003,17.93,1.69,NOT AVAILABLE - manual check only,True,False,False,False,False,True,True,True,False,0,4,PE 10-25; Price/Book <= 2.5; ROCE > 15%; ROE > 15%,False,False
GD,89308217344,20.115173,3.3241692,13.61,17.8,2.122,35.335,10.38,0.56,NOT AVAILABLE - manual check only,True,True,False,False,True,False,True,False,False,0,4,Price/Book <= 2.5; ROCE > 15%; PEG <= 2; Operating margin > 15%,False,False
GIS,17115334656,,2.318557,4.2,-10.49,,182.422,15.24,0.29,NOT AVAILABLE - manual check only,True,,True,False,False,,False,True,False,2,3,ROCE > 15%; ROE > 15%; Debt/Equity,False,False
GM,70791413760,34.941963,1.1071347,2.05,3.16,0.2941,202.341,3.2,0.17,NOT AVAILABLE - manual check only,True,False,True,False,False,True,False,False,False,0,5,PE 10-25; ROCE > 15%; ROE > 15%; Debt/Equity; Operating margin > 15%,False,False
GPC,17541275648,508.96,3.875605,1.96,0.71,,146.415,6.56,0.51,NOT AVAILABLE - manual check only,True,False,False,False,False,,False,False,False,1,6,PE 10-25; Price/Book <= 2.5; ROCE > 15%; ROE > 15%; Debt/Equity; Operating margin > 15%,False,False
GILD,179471122432,,15.184643,22.92,-20.68,2.2696,223.465,33.68,0.11,NOT AVAILABLE - manual check only,True,,False,True,False,False,False,True,False,1,4,Price/Book <= 2.5; ROE > 15%; PEG <= 2; Debt/Equity,False,False
GPN,20740788224,37.14692,0.9014998,4.16,2.43,0.2075,98.273,16.11,0.93,NOT AVAILABLE - manual check only,True,False,True,False,False,True,True,True,False,0,3,PE 10-25; ROCE > 15%; ROE > 15%,False,False
GL,12732416000,11.015957,2.0738516,,20.94,,55.675,24.64,0.7,NOT AVAILABLE - manual check only,True,True,True,,True,,True,True,False,2,0,,False,True
GDDY,12311422976,14.444279,1834.151,23.24,442.86,0.5258,57334.33,27.06,0.97,NOT AVAILABLE - manual check only,True,True,False,True,True,True,False,True,False,0,2,Price/Book <= 2.5; Debt/Equity,False,False
GS,262799654912,13.928394,2.492922,,16.9,1.1741,725.381,42.18,0.55,NOT AVAILABLE - manual check only,True,True,True,,True,True,False,True,False,1,1,Debt/Equity,False,False
HAL,26535202816,16.675394,2.412696,10.93,14.92,0.684,74.186,12.79,0.4,NOT AVAILABLE - manual check only,True,True,True,False,False,True,True,False,False,0,3,ROCE > 15%; ROE > 15%; Operating margin > 15%,False,False
HIG,34143416320,8.681129,1.7740778,,22.06,,22.33,17.61,0.34,NOT AVAILABLE - manual check only,True,False,True,,True,,True,True,False,2,1,PE 10-25,False,False
HAS,12629121024,16.017889,17.936699,1.67,159.56,1.5757,531.042,22.16,0.58,NOT AVAILABLE - manual check only,True,True,False,False,True,True,False,True,False,0,3,Price/Book <= 2.5; ROCE > 15%; Debt/Equity,False,False
HCA,92379029504,14.304056,-14.002232,27.23,,1.34,,15.16,16.61,NOT AVAILABLE - manual check only,True,True,True,True,,True,,True,False,2,0,,False,True
DOC,13817381888,55.685715,1.7129548,3.18,3.04,,108.653,15.99,0.3,NOT AVAILABLE - manual check only,True,False,True,False,False,,False,True,False,1,4,PE 10-25; ROCE > 15%; ROE > 15%; Debt/Equity,False,False
HSIC,9459581952,24.746355,3.0089686,8.55,8.85,1.7438,80.733,5.76,0.83,NOT AVAILABLE - manual check only,True,True,False,False,False,True,True,False,False,0,4,Price/Book <= 2.5; ROCE > 15%; ROE > 15%; Operating margin > 15%,False,False
HSY,32186281984,21.883879,7.054032,13.41,32.81,0.8461,129.821,23.12,0.31,NOT AVAILABLE - manual check only,True,True,False,False,True,True,False,True,False,0,3,Price/Book <= 2.5; ROCE > 15%; Debt/Equity,False,False
HPE,92033138688,35.737114,3.472751,3.21,10.94,0.498,76.464,12.56,0.37,NOT AVAILABLE - manual check only,True,False,False,False,False,True,True,False,False,0,5,PE 10-25; Price/Book <= 2.5; ROCE > 15%; ROE > 15%; Operating margin > 15%,False,False
HLT,71876730880,46.964703,-11.435528,21.95,,1.2704,,62.99,2.19,NOT AVAILABLE - manual check only,True,False,True,True,,True,,True,False,2,1,PE 10-25,False,False
HD,282196508672,19.765898,16.98799,28.92,104.3,2.504,380.261,12.86,0.07,NOT AVAILABLE - manual check only,True,True,False,True,True,False,False,False,False,0,4,Price/Book <= 2.5; PEG <= 2; Debt/Equity; Operating margin > 15%,False,False
HONA,49010401280,47.143295,-8.602982,28.57,,1.0445,,14.68,0.08,NOT AVAILABLE - manual check only,True,False,True,True,,True,,False,False,2,2,PE 10-25; Operating margin > 15%,False,False
HON,67821993984,8.230385,3.658762,13.57,46.58,3.4743,185.369,20.25,0.08,NOT AVAILABLE - manual check only,True,False,False,False,True,False,False,True,False,0,5,PE 10-25; Price/Book <= 2.5; ROCE > 15%; PEG <= 2; Debt/Equity,False,False
HRL,11144603648,32.66129,1.4208533,6.17,4.29,1.4015,36.326,8.62,0.46,NOT AVAILABLE - manual check only,True,False,True,False,False,True,True,False,False,0,4,PE 10-25; ROCE > 15%; ROE > 15%; Operating margin > 15%,False,False
HST,15673028608,15.140939,2.4190433,9.06,15.56,3.3561,85.298,18.21,1.47,NOT AVAILABLE - manual check only,True,True,True,False,True,False,True,True,False,0,2,ROCE > 15%; PEG <= 2,False,False
HWM,92230803456,49.735485,16.13887,21.16,34.73,,81.368,28.5,0.87,NOT AVAILABLE - manual check only,True,False,False,True,True,,True,True,False,1,2,PE 10-25; Price/Book <= 2.5,False,False
HPQ,28965525504,12.259542,-314.90195,25.76,,3.4205,,5.4,0.31,NOT AVAILABLE - manual check only,True,True,True,True,,False,,False,False,2,2,PEG <= 2; Operating margin > 15%,False,False
HUBB,25122945024,28.170616,6.422214,17.61,24.44,1.9473,141.642,21.67,0.35,NOT AVAILABLE - manual check only,True,False,False,True,True,True,False,True,False,0,3,PE 10-25; Price/Book <= 2.5; Debt/Equity,False,False
HUM,46634385408,36.916348,2.4272346,,6.89,1.2545,76.485,3.46,0.21,NOT AVAILABLE - manual check only,True,False,True,,False,True,True,False,False,1,3,PE 10-25; ROE > 15%; Operating margin > 15%,False,False
HBAN,30972958720,11.702291,1.0413694,,9.0,1.6313,,41.93,0.81,NOT AVAILABLE - manual check only,True,True,True,,False,True,,True,False,2,1,ROE > 15%,False,False
HII,10581711872,16.003576,1.9920183,9.09,12.97,0.831,55.252,7.08,0.48,NOT AVAILABLE - manual check only,True,True,True,False,False,True,True,False,False,0,3,ROCE > 15%; ROE > 15%; Operating margin > 15%,False,False
IBM,209756798976,19.7551,6.088383,10.83,34.46,2.1883,188.97,16.55,0.1,NOT AVAILABLE - manual check only,True,True,False,False,True,False,False,True,False,0,4,Price/Book <= 2.5; ROCE > 15%; PEG <= 2; Debt/Equity,False,False
IEX,17175998464,33.095173,4.3017244,10.97,12.96,1.715,47.06,22.17,0.22,NOT AVAILABLE - manual check only,True,False,False,False,False,True,True,True,False,0,4,PE 10-25; Price/Book <= 2.5; ROCE > 15%; ROE > 15%,False,False
IDXX,40839344128,36.403793,25.355345,61.9,74.21,2.8525,67.971,34.98,0.22,NOT AVAILABLE - manual check only,True,False,False,True,True,False,True,True,False,0,3,PE 10-25; Price/Book <= 2.5; PEG <= 2,False,False
ITW,74879623168,23.815218,25.872862,38.63,104.62,2.5119,334.853,26.9,0.37,NOT AVAILABLE - manual check only,True,True,False,True,True,False,False,True,False,0,3,Price/Book <= 2.5; PEG <= 2; Debt/Equity,False,False
ILMN,41229041664,49.463768,14.527268,23.46,32.34,3.0533,89.042,21.14,0.21,NOT AVAILABLE - manual check only,True,False,False,True,True,False,True,True,False,0,3,PE 10-25; Price/Book <= 2.5; PEG <= 2,False,False
INCY,23371051008,14.687899,3.652433,30.63,30.67,10.8221,0.603,41.9,1.85,NOT AVAILABLE - manual check only,True,True,False,True,True,False,True,True,False,0,2,Price/Book <= 2.5; PEG <= 2,False,False
IR,29515116544,31.433884,2.9000037,7.33,9.47,0.6181,47.903,16.88,0.21,NOT AVAILABLE - manual check only,True,False,False,False,False,True,True,True,False,0,4,PE 10-25; Price/Book <= 2.5; ROCE > 15%; ROE > 15%,False,False
PODD,9133254656,24.707317,6.42171,15.89,26.02,,66.685,16.18,0.33,NOT AVAILABLE - manual check only,True,True,False,True,True,,True,True,False,1,1,Price/Book <= 2.5,False,False
INTC,630790946816,,6.874244,1.47,-10.71,,48.997,12.19,13.99,NOT AVAILABLE - manual check only,True,,False,False,False,,True,False,False,2,4,Price/Book <= 2.5; ROCE > 15%; ROE > 15%; Operating margin > 15%,False,False
IBKR,150446915584,35.039684,6.738915,19.56,24.02,1.4786,205.748,76.53,2.67,NOT AVAILABLE - manual check only,True,False,False,True,True,True,False,True,False,0,3,PE 10-25; Price/Book <= 2.5; Debt/Equity,False,False
ICE,84293378048,21.177713,2.850444,9.76,14.09,2.1595,69.226,52.63,0.81,NOT AVAILABLE - manual check only,True,True,False,False,False,False,True,True,False,0,4,Price/Book <= 2.5; ROCE > 15%; ROE > 15%; PEG <= 2,False,False
IFF,21029459968,,1.5055805,-0.85,-5.55,1.7672,44.821,8.49,0.11,NOT AVAILABLE - manual check only,True,,True,False,False,True,True,False,False,1,3,ROCE > 15%; ROE > 15%; Operating margin > 15%,False,False
IP,16930349056,,1.1711051,-9.37,-16.48,,68.509,2.3,0.24,NOT AVAILABLE - manual check only,True,,True,False,False,,True,False,False,2,3,ROCE > 15%; ROE > 15%; Operating margin > 15%,False,False
INTU,75114692608,17.066181,3.972076,23.56,23.6,0.9278,44.34,17.64,2.41,NOT AVAILABLE - manual check only,True,True,False,True,True,True,True,True,False,0,1,Price/Book <= 2.5,False,False
ISRG,140427083776,45.051727,7.6346955,15.96,17.42,1.8715,,33.6,0.51,NOT AVAILABLE - manual check only,True,False,False,True,True,True,,True,False,1,2,PE 10-25; Price/Book <= 2.5,False,False
IVZ,13536382976,,1.3588618,-1.13,-0.57,0.9008,12.056,19.95,0.6,NOT AVAILABLE - manual check only,True,,True,False,False,True,True,True,False,1,2,ROCE > 15%; ROE > 15%,False,False
INVH,15379829760,24.11111,1.6985193,5.15,7.05,,94.425,25.11,0.34,NOT AVAILABLE - manual check only,True,True,True,False,False,,True,True,False,1,2,ROCE > 15%; ROE > 15%,False,False
IQV,42501365760,32.155666,6.8872523,10.74,22.82,0.9741,257.975,13.03,1.09,NOT AVAILABLE - manual check only,True,False,False,False,True,True,False,False,False,0,5,PE 10-25; Price/Book <= 2.5; ROCE > 15%; Debt/Equity; Operating margin > 15%,False,False
IRM,33756522496,80.41844,-26.351383,5.72,,,,19.06,0.88,NOT AVAILABLE - manual check only,True,False,True,False,,,,True,False,3,2,PE 10-25; ROCE > 15%,False,False
JBHT,21994876928,33.361824,6.0142264,14.51,18.45,1.6899,38.373,7.42,20.44,NOT AVAILABLE - manual check only,True,False,False,False,True,True,True,False,False,0,4,PE 10-25; Price/Book <= 2.5; ROCE > 15%; Operating margin > 15%,False,False
JBL,31898236928,31.253595,19.778442,21.52,66.37,,248.609,5.85,1.19,NOT AVAILABLE - manual check only,True,False,False,True,True,,False,False,False,1,4,PE 10-25; Price/Book <= 2.5; Debt/Equity; Operating margin > 15%,False,False
JKHY,9993850880,20.628075,4.867504,25.42,24.04,1.8075,3.793,22.5,0.61,NOT AVAILABLE - manual check only,True,True,False,True,True,True,True,True,False,0,1,Price/Book <= 2.5,False,False
J,16158350336,45.867107,4.9537134,8.72,8.0,0.4278,124.734,7.39,0.52,NOT AVAILABLE - manual check only,True,False,False,False,False,True,False,False,False,0,6,PE 10-25; Price/Book <= 2.5; ROCE > 15%; ROE > 15%; Debt/Equity; Operating margin > 15%,False,False
JNJ,617006301184,29.667439,7.2562633,23.13,25.74,2.8229,57.709,29.19,0.05,NOT AVAILABLE - manual check only,True,False,False,True,True,False,True,True,False,0,3,PE 10-25; Price/Book <= 2.5; PEG <= 2,False,False
JCI,94641045504,44.01127,7.019814,8.13,14.33,1.6737,70.107,15.88,0.17,NOT AVAILABLE - manual check only,True,False,False,False,False,True,True,True,False,0,4,PE 10-25; Price/Book <= 2.5; ROCE > 15%; ROE > 15%,False,False
JPM,883527974912,14.246893,2.4989662,,17.79,1.5696,,50.39,0.39,NOT AVAILABLE - manual check only,True,True,True,,True,True,,True,False,2,0,,False,True
KVUE,33037305856,20.235294,3.129549,11.49,15.58,1.4024,81.617,19.42,0.07,NOT AVAILABLE - manual check only,True,True,False,False,True,True,True,True,False,0,2,Price/Book <= 2.5; ROCE > 15%,False,False
KDP,41328287744,30.676767,1.6509922,7.3,5.1,0.9807,99.649,12.89,4.71,NOT AVAILABLE - manual check only,True,False,True,False,False,True,True,False,False,0,4,PE 10-25; ROCE > 15%; ROE > 15%; Operating margin > 15%,False,False
KEY,21427941376,11.74269,1.2444224,,10.33,1.337,,34.71,0.3,NOT AVAILABLE - manual check only,True,True,True,,False,True,,True,False,2,1,ROE > 15%,False,False
KEYS,65482944512,52.048717,9.968641,12.46,20.9,0.7007,42.094,25.68,0.58,NOT AVAILABLE - manual check only,True,False,False,False,True,True,True,True,False,0,3,PE 10-25; Price/Book <= 2.5; ROCE > 15%,False,False
KMB,31382159360,18.648222,17.932344,23.14,104.91,2.0208,348.933,19.0,0.71,NOT AVAILABLE - manual check only,True,True,False,True,True,False,False,True,False,0,3,Price/Book <= 2.5; PEG <= 2; Debt/Equity,False,False
KIM,14918355968,25.860464,1.4520762,4.25,5.81,,84.993,36.56,2.21,NOT AVAILABLE - manual check only,True,False,True,False,False,,True,True,False,1,3,PE 10-25; ROCE > 15%; ROE > 15%,False,False
KMI,69186740224,20.045162,2.1854117,6.9,10.99,3.1918,98.619,30.06,12.7,NOT AVAILABLE - manual check only,True,True,True,False,False,False,True,True,False,0,3,ROCE > 15%; ROE > 15%; PEG <= 2,False,False
KKR,83390988288,28.846645,2.8437796,2.89,7.28,0.4147,69.812,20.65,23.05,NOT AVAILABLE - manual check only,True,False,False,False,False,True,True,True,False,0,4,PE 10-25; Price/Book <= 2.5; ROCE > 15%; ROE > 15%,False,False
KLAC,269992787968,56.52732,42.587486,43.16,87.5,1.8006,96.88,42.49,0.11,NOT AVAILABLE - manual check only,True,False,False,True,True,True,True,True,False,0,2,PE 10-25; Price/Book <= 2.5,False,False
KHC,26313428992,,0.73092,-6.16,-8.76,,52.591,15.49,27.78,NOT AVAILABLE - manual check only,True,,True,False,False,,True,True,False,2,2,ROCE > 15%; ROE > 15%,False,False
KR,34862448640,31.908108,6.024084,5.77,14.44,0.5735,413.24,2.98,6.89,NOT AVAILABLE - manual check only,True,False,False,False,False,True,False,False,False,0,6,PE 10-25; Price/Book <= 2.5; ROCE > 15%; ROE > 15%; Debt/Equity; Operating margin > 15%,False,False
LHX,44058382336,23.923155,2.2152936,7.45,9.34,1.1901,52.753,12.57,0.45,NOT AVAILABLE - manual check only,True,True,True,False,False,True,True,False,False,0,3,ROCE > 15%; ROE > 15%; Operating margin > 15%,False,False
LH,25018537984,25.182856,2.899669,8.55,11.73,1.214,79.124,12.24,0.35,NOT AVAILABLE - manual check only,True,False,False,False,False,True,True,False,False,0,5,PE 10-25; Price/Book <= 2.5; ROCE > 15%; ROE > 15%; Operating margin > 15%,False,False
LRCX,434857443328,59.197613,34.86405,47.86,65.07,1.4467,33.049,37.39,0.28,NOT AVAILABLE - manual check only,True,False,False,True,True,True,True,True,False,0,2,PE 10-25; Price/Book <= 2.5,False,False
LVS,23466213376,14.042636,40.39019,16.72,122.87,0.8432,1703.902,19.66,61.71,NOT AVAILABLE - manual check only,True,True,False,True,True,True,False,True,True,0,2,Price/Book <= 2.5; Debt/Equity,True,False
LDOS,14775452672,10.9934635,2.796276,19.8,27.78,,123.276,11.72,0.55,NOT AVAILABLE - manual check only,True,True,False,True,True,,False,False,False,1,3,Price/Book <= 2.5; Debt/Equity; Operating margin > 15%,False,False
LEN,19225839616,15.557504,0.880157,8.43,5.96,11.3018,28.201,5.69,10.6,NOT AVAILABLE - manual check only,True,True,True,False,False,False,True,False,False,0,4,ROCE > 15%; ROE > 15%; PEG <= 2; Operating margin > 15%,False,False
LII,12313968640,15.821491,9.492221,36.1,71.76,0.9442,156.082,22.86,9.6,NOT AVAILABLE - manual check only,True,True,False,True,True,True,False,True,False,0,2,Price/Book <= 2.5; Debt/Equity,False,False
LLY,1019126611968,38.3121,30.073418,38.44,102.29,1.1368,162.071,54.22,0.16,NOT AVAILABLE - manual check only,True,False,False,True,True,True,False,True,False,0,3,PE 10-25; Price/Book <= 2.5; Debt/Equity,False,False
LIN,221030776832,30.954165,5.6557126,13.07,18.4,1.7997,68.947,28.12,0.25,NOT AVAILABLE - manual check only,True,False,False,False,True,True,True,True,False,0,3,PE 10-25; Price/Book <= 2.5; ROCE > 15%,False,False
LYV,39316578304,,472.74512,11.33,17.68,4.4087,620.214,6.7,32.41,NOT AVAILABLE - manual check only,True,,False,False,True,False,False,False,False,1,5,Price/Book <= 2.5; ROCE > 15%; PEG <= 2; Debt/Equity; Operating margin > 15%,False,False
LMT,116643954688,18.62233,13.257698,19.29,89.17,1.0155,234.238,11.96,0.11,NOT AVAILABLE - manual check only,True,True,False,True,True,True,False,False,False,0,3,Price/Book <= 2.5; Debt/Equity; Operating margin > 15%,False,False
L,21675470848,13.009816,1.1337924,,9.31,,44.609,14.53,20.07,NOT AVAILABLE - manual check only,True,True,True,,False,,True,False,False,2,2,ROE > 15%; Operating margin > 15%,False,False
LOW,101438570496,15.296109,-13.638079,29.62,,1.3123,,13.36,0.11,NOT AVAILABLE - manual check only,True,True,True,True,,True,,False,False,2,1,Operating margin > 15%,False,False
LULU,10457668608,7.7744856,2.2018647,33.65,30.9,1.1303,44.689,13.21,4.54,NOT AVAILABLE - manual check only,True,False,True,True,True,True,True,False,False,0,2,PE 10-25; Operating margin > 15%,False,False
LITE,97362173952,,20.70859,-148.15,-240.03,,35.987,27.95,0.6,NOT AVAILABLE - manual check only,True,,False,False,False,,True,True,False,2,3,Price/Book <= 2.5; ROCE > 15%; ROE > 15%,False,False
LYB,18923563008,,1.7731636,-0.82,-2.27,1.5257,132.759,17.92,20.12,NOT AVAILABLE - manual check only,True,,True,False,False,True,False,True,False,1,3,ROCE > 15%; ROE > 15%; Debt/Equity,False,False
MTB,31647377408,11.600847,1.2449014,,10.74,1.3627,,45.11,0.32,NOT AVAILABLE - manual check only,True,True,True,,False,True,,True,False,2,1,ROE > 15%,False,False
MPC,118600720384,14.638821,6.265094,13.11,42.1,0.8956,133.328,13.56,0.33,NOT AVAILABLE - manual check only,True,True,False,False,True,True,False,False,False,0,4,Price/Book <= 2.5; ROCE > 15%; Debt/Equity; Operating margin > 15%,False,False
MAR,93604667392,37.15942,-20.76834,21.96,,1.759,,65.28,18.08,NOT AVAILABLE - manual check only,True,False,True,True,,True,,True,False,2,1,PE 10-25,False,False
MRSH,81154547712,20.969175,5.3530173,17.26,25.9,1.4978,145.027,26.32,0.08,NOT AVAILABLE - manual check only,True,True,False,True,True,True,False,True,False,0,2,Price/Book <= 2.5; Debt/Equity,False,False
MLM,34250518528,31.356956,2.5082955,8.17,8.89,1.8321,54.945,20.18,16.15,NOT AVAILABLE - manual check only,True,False,False,False,False,True,True,True,False,0,4,PE 10-25; Price/Book <= 2.5; ROCE > 15%; ROE > 15%,False,False
MRVL,244708294656,90.162254,13.088348,17.04,16.52,1.3866,28.525,16.68,0.49,NOT AVAILABLE - manual check only,True,False,False,True,True,True,True,True,False,0,2,PE 10-25; Price/Book <= 2.5,False,False
MAS,13479732224,15.751152,-36.93139,34.07,5862.5,1.5627,,23.64,0.23,NOT AVAILABLE - manual check only,True,True,True,True,True,True,,True,False,1,0,,False,True
MA,483785244672,30.394056,86.3446,61.47,241.2,1.462,439.583,61.11,0.11,NOT AVAILABLE - manual check only,True,False,False,True,True,True,False,True,False,0,3,PE 10-25; Price/Book <= 2.5; Debt/Equity,False,False
MKC,12019109888,7.432612,1.7162286,10.94,22.62,1.9027,66.141,17.76,0.01,NOT AVAILABLE - manual check only,True,False,True,False,True,True,True,True,False,0,2,PE 10-25; ROCE > 15%,False,False
MCD,164095000576,18.83753,-160.36653,22.63,,2.0568,,46.48,0.26,NOT AVAILABLE - manual check only,True,True,True,True,,False,,True,False,2,1,PEG <= 2,False,False
MCK,105197150208,24.215782,-24.684835,42.13,,1.6613,,1.35,0.06,NOT AVAILABLE - manual check only,True,True,True,True,,True,,False,False,2,1,Operating margin > 15%,False,False
MDT,110491926528,21.275862,2.201213,8.42,10.65,1.6044,55.365,19.33,0.35,NOT AVAILABLE - manual check only,True,True,True,False,False,True,True,True,False,0,2,ROCE > 15%; ROE > 15%,False,False
MRK,356012851200,114.52381,8.495232,20.66,6.96,2.7047,128.408,-0.24,0.06,NOT AVAILABLE - manual check only,True,False,False,True,False,False,False,False,False,0,6,PE 10-25; Price/Book <= 2.5; ROE > 15%; PEG <= 2; Debt/Equity; Operating margin > 15%,False,False
META,1854788337664,27.402334,7.1018343,26.87,29.85,0.9846,42.997,34.83,0.15,NOT AVAILABLE - manual check only,True,False,False,True,True,True,True,True,False,0,2,PE 10-25; Price/Book <= 2.5,False,False
MET,60008087552,18.090038,2.1946175,,13.09,0.5068,179.933,5.52,16.35,NOT AVAILABLE - manual check only,True,True,True,,False,True,False,False,False,1,3,ROE > 15%; Debt/Equity; Operating margin > 15%,False,False
MTD,29778132992,33.55588,2322.1719,44.44,,2.7682,16668.447,31.2,0.44,NOT AVAILABLE - manual check only,True,False,False,True,,False,False,True,False,1,4,PE 10-25; Price/Book <= 2.5; PEG <= 2; Debt/Equity,False,False
MGM,7798345216,18.472727,3.0504403,1.85,18.92,0.4837,893.311,6.79,27.88,NOT AVAILABLE - manual check only,True,True,False,False,True,True,False,False,False,0,4,Price/Book <= 2.5; ROCE > 15%; Debt/Equity; Operating margin > 15%,False,False
MCHP,44157468672,119.588234,6.8451176,3.69,7.19,0.226,83.688,23.96,1.79,NOT AVAILABLE - manual check only,True,False,False,False,False,True,True,True,False,0,4,PE 10-25; Price/Book <= 2.5; ROCE > 15%; ROE > 15%,False,False
MU,1213973397504,14.451332,12.048311,14.2,88.26,0.1598,3.743,80.68,0.24,NOT AVAILABLE - manual check only,True,True,False,False,True,True,True,True,False,0,2,Price/Book <= 2.5; ROCE > 15%,False,False
MSFT,3842942959616,28.815704,8.688492,28.66,34.04,1.6173,29.118,45.11,0.09,NOT AVAILABLE - manual check only,True,False,False,True,True,True,True,True,False,0,2,PE 10-25; Price/Book <= 2.5,False,False
MAA,13712956416,33.704678,2.4609833,6.06,7.05,,102.377,25.36,0.46,NOT AVAILABLE - manual check only,True,False,True,False,False,,False,True,False,1,4,PE 10-25; ROCE > 15%; ROE > 15%; Debt/Equity,False,False
MRNA,75858812928,,11.213337,-26.64,-39.0,,19.036,-557.93,7.34,NOT AVAILABLE - manual check only,True,,False,False,False,,True,False,False,2,4,Price/Book <= 2.5; ROCE > 15%; ROE > 15%; Operating margin > 15%,False,False
MDLZ,74268368896,21.315018,2.7971928,7.28,13.34,0.9044,82.643,21.98,0.24,NOT AVAILABLE - manual check only,True,True,False,False,False,True,True,True,False,0,3,Price/Book <= 2.5; ROCE > 15%; ROE > 15%,False,False
MPWR,70752649216,87.73492,18.162586,19.05,21.98,1.0364,0.486,30.99,3.59,NOT AVAILABLE - manual check only,True,False,False,True,True,True,True,True,False,0,2,PE 10-25; Price/Book <= 2.5,False,False
MNST,84121681920,39.75926,8.983263,28.33,25.7,2.2582,0.992,29.18,28.3,NOT AVAILABLE - manual check only,True,False,False,True,True,False,True,True,False,0,3,PE 10-25; Price/Book <= 2.5; PEG <= 2,False,False
MCO,76435161088,28.005075,25.26822,26.55,76.93,1.6411,240.682,49.47,14.38,NOT AVAILABLE - manual check only,True,False,False,True,True,True,False,True,False,0,3,PE 10-25; Price/Book <= 2.5; Debt/Equity,False,False
MS,298894458880,15.359967,2.8068907,,17.97,1.7595,517.282,41.57,24.33,NOT AVAILABLE - manual check only,True,True,False,,True,True,False,True,False,1,2,Price/Book <= 2.5; Debt/Equity,False,False
MOS,6698061312,,0.5842715,7.1,-5.07,2.0198,52.249,-0.12,0.34,NOT AVAILABLE - manual check only,True,,True,False,False,False,True,False,False,1,4,ROCE > 15%; ROE > 15%; PEG <= 2; Operating margin > 15%,False,False
MSI,74043580416,35.201416,27.711985,23.83,91.57,2.0244,357.85,27.35,0.4,NOT AVAILABLE - manual check only,True,False,False,True,True,False,False,True,False,0,4,PE 10-25; Price/Book <= 2.5; PEG <= 2; Debt/Equity,False,False
MSCI,38963564544,29.318928,-14.487485,44.0,,1.866,,56.3,3.6,NOT AVAILABLE - manual check only,True,False,True,True,,True,,True,False,2,1,PE 10-25,False,False
NDAQ,50492424192,26.335278,4.234682,10.82,16.52,1.7643,77.687,49.33,11.0,NOT AVAILABLE - manual check only,True,False,False,False,True,True,True,True,False,0,3,PE 10-25; Price/Book <= 2.5; ROCE > 15%,False,False
NTAP,44443729920,31.95904,29.663084,26.13,114.82,2.1387,169.498,26.67,0.35,NOT AVAILABLE - manual check only,True,False,False,True,True,False,False,True,False,0,4,PE 10-25; Price/Book <= 2.5; PEG <= 2; Debt/Equity,False,False
NFLX,279233789952,21.088049,9.261151,30.26,49.54,1.2194,55.236,33.38,0.57,NOT AVAILABLE - manual check only,True,True,False,True,True,True,True,True,False,0,1,Price/Book <= 2.5,False,False
NEM,121764675584,14.57251,3.4723558,22.51,25.91,,15.807,51.57,0.31,NOT AVAILABLE - manual check only,True,True,False,True,True,,True,True,False,1,1,Price/Book <= 2.5,False,False
NWSA,15471404032,27.85437,1.8286698,8.93,7.98,2.5251,31.561,12.54,0.04,NOT AVAILABLE - manual check only,True,False,True,False,False,False,True,False,False,0,5,PE 10-25; ROCE > 15%; ROE > 15%; PEG <= 2; Operating margin > 15%,False,False
NWS,17067616256,30.728155,2.0173368,8.93,7.98,2.8049,31.561,12.54,35.35,NOT AVAILABLE - manual check only,True,False,True,False,False,False,True,False,False,0,5,PE 10-25; ROCE > 15%; ROE > 15%; PEG <= 2; Operating margin > 15%,False,False
NEE,160265715712,17.26517,2.8052433,4.79,11.68,1.5549,161.676,31.52,0.12,NOT AVAILABLE - manual check only,True,True,False,False,False,True,False,True,False,0,4,Price/Book <= 2.5; ROCE > 15%; ROE > 15%; Debt/Equity,False,False
NKE,50246103040,16.128572,3.3788905,14.68,21.56,1.3992,73.095,7.92,1.96,NOT AVAILABLE - manual check only,True,True,False,False,True,True,True,False,False,0,3,Price/Book <= 2.5; ROCE > 15%; Operating margin > 15%,False,False
NI,18909054976,20.973404,1.9746594,5.8,8.55,2.0194,146.649,17.16,0.35,NOT AVAILABLE - manual check only,True,True,True,False,False,False,False,True,False,0,4,ROCE > 15%; ROE > 15%; PEG <= 2; Debt/Equity,False,False
NDSN,18577967104,33.793316,5.682984,13.6,17.76,1.8315,55.619,27.4,0.3,NOT AVAILABLE - manual check only,True,False,False,False,True,True,True,True,False,0,3,PE 10-25; Price/Book <= 2.5; ROCE > 15%,False,False
NSC,71299678208,27.460207,4.3868327,10.75,16.98,3.7182,105.519,35.3,0.05,NOT AVAILABLE - manual check only,True,False,False,False,True,False,False,True,False,0,5,PE 10-25; Price/Book <= 2.5; ROCE > 15%; PEG <= 2; Debt/Equity,False,False
NTRS,31358597120,14.725085,2.505335,,17.07,0.9845,,42.5,0.86,NOT AVAILABLE - manual check only,True,True,False,,True,True,,True,False,2,1,Price/Book <= 2.5,False,False
NOC,67906125824,15.198728,3.797026,15.29,26.96,3.4068,95.348,11.6,0.27,NOT AVAILABLE - manual check only,True,True,False,True,True,False,True,False,False,0,3,Price/Book <= 2.5; PEG <= 2; Operating margin > 15%,False,False
NCLH,6952103936,9.175758,2.7021239,8.09,36.73,1.1845,621.051,14.04,0.85,NOT AVAILABLE - manual check only,True,False,False,False,True,True,False,False,False,0,5,PE 10-25; Price/Book <= 2.5; ROCE > 15%; Debt/Equity; Operating margin > 15%,False,False
NRG,20018343936,24.79948,4.762929,8.88,23.77,0.3865,483.357,12.77,4.46,NOT AVAILABLE - manual check only,True,True,False,False,True,True,False,False,False,0,4,Price/Book <= 2.5; ROCE > 15%; Debt/Equity; Operating margin > 15%,False,False
NUE,54538645504,19.200478,2.4668036,8.8,14.55,,30.512,15.67,1.18,NOT AVAILABLE - manual check only,True,True,True,False,False,,True,True,False,1,2,ROCE > 15%; ROE > 15%,False,False
NVDA,5649190617088,29.576487,24.670464,81.14,117.21,0.4791,16.971,66.24,4.01,NOT AVAILABLE - manual check only,True,False,False,True,True,True,True,True,False,0,2,PE 10-25; Price/Book <= 2.5,False,False
NVR,16052447232,15.576129,4.7335663,36.41,31.54,,32.15,13.89,5.55,NOT AVAILABLE - manual check only,True,True,False,True,True,,True,False,False,1,2,Price/Book <= 2.5; Operating margin > 15%,False,False
NXPI,61442322432,20.790102,5.392259,13.8,27.92,0.4684,93.325,30.41,0.14,NOT AVAILABLE - manual check only,True,True,False,False,True,True,True,True,False,0,2,Price/Book <= 2.5; ROCE > 15%,False,False
ORLY,68680769536,26.952381,-37.75011,44.77,,1.6087,,20.15,0.5,NOT AVAILABLE - manual check only,True,False,True,True,,True,,True,False,2,1,PE 10-25,False,False
OXY,58058940416,17.132744,1.7353371,5.53,10.63,1.1262,34.511,45.44,26.81,NOT AVAILABLE - manual check only,True,True,True,False,False,True,True,True,False,0,2,ROCE > 15%; ROE > 15%,False,False
ODFL,37534113792,34.70769,8.234328,27.31,24.82,2.1649,0.44,28.84,8.24,NOT AVAILABLE - manual check only,True,False,False,True,True,False,True,True,False,0,3,PE 10-25; Price/Book <= 2.5; PEG <= 2,False,False
OMC,20342753280,200.40541,2.1054575,2.18,6.05,,107.744,15.38,0.93,NOT AVAILABLE - manual check only,True,False,True,False,False,,False,True,False,1,4,PE 10-25; ROCE > 15%; ROE > 15%; Debt/Equity,False,False
ON,33049257984,55.48366,4.578008,1.8,8.31,0.1645,65.055,19.53,0.31,NOT AVAILABLE - manual check only,True,False,False,False,False,True,True,True,False,0,4,PE 10-25; Price/Book <= 2.5; ROCE > 15%; ROE > 15%,False,False
OKE,55400361984,15.177893,2.415148,10.41,16.28,1.7103,143.07,13.25,0.15,NOT AVAILABLE - manual check only,True,True,True,False,True,True,False,False,False,0,3,ROCE > 15%; Debt/Equity; Operating margin > 15%,False,False
ORCL,431382593536,22.304075,6.9611588,10.98,41.19,0.8072,251.716,35.63,38.4,NOT AVAILABLE - manual check only,True,True,False,False,True,True,False,True,False,0,3,Price/Book <= 2.5; ROCE > 15%; Debt/Equity,False,False
OTIS,24381872128,16.465296,-4.242003,74.04,,2.2203,,15.13,0.14,NOT AVAILABLE - manual check only,True,True,True,True,,False,,True,False,2,1,PEG <= 2,False,False
PCAR,57731710976,23.090527,2.8409357,8.93,12.76,0.8317,72.91,12.02,1.86,NOT AVAILABLE - manual check only,True,True,False,False,False,True,True,False,False,0,4,Price/Book <= 2.5; ROCE > 15%; ROE > 15%; Operating margin > 15%,False,False
PKG,20362524672,29.68052,4.3414006,11.4,14.89,1.5303,94.474,13.12,1.58,NOT AVAILABLE - manual check only,True,False,False,False,False,True,True,False,False,0,5,PE 10-25; Price/Book <= 2.5; ROCE > 15%; ROE > 15%; Operating margin > 15%,False,False
PLTR,453577277440,161.3248,46.398724,18.3,38.1,1.8461,2.139,47.12,3.45,NOT AVAILABLE - manual check only,True,False,False,True,True,True,True,True,False,0,2,PE 10-25; Price/Book <= 2.5,False,False
PANW,329850322944,1008.1,11.953872,1.39,1.74,2.0083,9.337,5.4,0.75,NOT AVAILABLE - manual check only,True,False,False,False,False,False,True,False,False,0,6,PE 10-25; Price/Book <= 2.5; ROCE > 15%; ROE > 15%; PEG <= 2; Operating margin > 15%,False,False
PSKY,10658484224,316.6667,0.9047619,-16.24,-0.9,0.7634,126.479,9.35,50.8,NOT AVAILABLE - manual check only,True,False,True,False,False,True,False,False,True,0,5,PE 10-25; ROCE > 15%; ROE > 15%; Debt/Equity; Operating margin > 15%,True,False
PH,122650632192,34.12456,7.961476,20.03,25.08,3.2312,56.66,23.46,0.18,NOT AVAILABLE - manual check only,True,False,False,True,True,False,True,True,False,0,3,PE 10-25; Price/Book <= 2.5; PEG <= 2,False,False
PAYX,35220709376,19.630953,9.41927,27.65,47.05,1.8455,124.704,38.5,10.18,NOT AVAILABLE - manual check only,True,True,False,True,True,True,False,True,False,0,2,Price/Book <= 2.5; Debt/Equity,False,False
PYPL,45168332800,10.038022,2.296351,19.96,24.5,0.9268,71.751,16.97,0.71,NOT AVAILABLE - manual check only,True,True,True,True,True,True,True,True,False,0,0,,False,True
PNR,8463587840,13.667525,2.2579408,13.98,17.13,0.883,47.067,23.44,0.96,NOT AVAILABLE - manual check only,True,True,True,False,True,True,True,True,False,0,1,ROCE > 15%,False,False
PEP,171965743104,16.499344,7.7820363,15.23,51.51,1.376,238.949,16.84,0.18,NOT AVAILABLE - manual check only,True,True,False,True,True,True,False,True,False,0,2,Price/Book <= 2.5; Debt/Equity,False,False
PFE,158450925568,36.578945,1.8597806,5.95,5.01,12.8897,74.253,27.88,0.1,NOT AVAILABLE - manual check only,True,False,True,False,False,False,True,True,False,0,4,PE 10-25; ROCE > 15%; ROE > 15%; PEG <= 2,False,False
PCG,36989161472,8.863309,0.8394658,4.35,9.32,0.5184,189.45,24.79,0.2,NOT AVAILABLE - manual check only,True,False,True,False,False,True,False,True,False,0,4,PE 10-25; ROCE > 15%; ROE > 15%; Debt/Equity,False,False
PM,292177674240,25.714678,-34.040314,35.35,,2.292,,40.0,0.16,NOT AVAILABLE - manual check only,True,False,True,True,,False,,True,False,2,2,PE 10-25; PEG <= 2,False,False
PSX,106079379456,15.101597,3.3508952,10.78,23.45,0.8205,62.884,8.53,0.21,NOT AVAILABLE - manual check only,True,True,False,False,True,True,True,False,False,0,3,Price/Book <= 2.5; ROCE > 15%; Operating margin > 15%,False,False
PNW,11625238528,18.410748,1.652454,4.32,9.37,3.5788,233.288,21.34,0.15,NOT AVAILABLE - manual check only,True,True,True,False,False,False,False,True,False,0,4,ROCE > 15%; ROE > 15%; PEG <= 2; Debt/Equity,False,False
PNC,88178524160,12.1645565,1.5189602,,12.62,1.5711,,38.69,0.3,NOT AVAILABLE - manual check only,True,True,True,,False,True,,True,False,2,1,ROE > 15%,False,False
PPG,23374845952,15.086083,2.7685626,13.29,19.3,1.5318,86.938,14.02,0.11,NOT AVAILABLE - manual check only,True,True,False,False,True,True,True,False,False,0,3,Price/Book <= 2.5; ROCE > 15%; Operating margin > 15%,False,False
PPL,24683470848,19.408283,1.640246,5.6,8.63,1.1813,135.434,23.59,0.17,NOT AVAILABLE - manual check only,True,True,True,False,False,True,False,True,False,0,3,ROCE > 15%; ROE > 15%; Debt/Equity,False,False
PFG,23971155968,15.948718,1.9790009,,12.95,,35.307,12.34,1.12,NOT AVAILABLE - manual check only,True,True,True,,False,,True,False,False,2,2,ROE > 15%; Operating margin > 15%,False,False
PG,336578478080,21.889729,6.3149867,24.2,30.29,3.792,64.49,22.08,0.09,NOT AVAILABLE - manual check only,True,True,False,True,True,False,True,True,False,0,2,Price/Book <= 2.5; PEG <= 2,False,False
PGR,122063921152,10.547141,3.5589664,,34.94,63.4591,24.428,18.21,0.24,NOT AVAILABLE - manual check only,True,True,False,,True,False,True,True,False,1,2,Price/Book <= 2.5; PEG <= 2,False,False
PLD,125312303104,28.71047,2.2413285,4.94,7.75,116.6137,63.823,43.03,0.26,NOT AVAILABLE - manual check only,True,False,True,False,False,False,True,True,False,0,4,PE 10-25; ROCE > 15%; ROE > 15%; PEG <= 2,False,False
PRU,38847000576,10.208523,1.2309912,,12.01,0.6834,163.891,7.52,0.18,NOT AVAILABLE - manual check only,True,True,True,,False,True,False,False,False,1,3,ROE > 15%; Debt/Equity; Operating margin > 15%,False,False
PEG,33927450624,16.932837,1.9562031,6.43,11.83,3.2665,142.409,18.87,0.13,NOT AVAILABLE - manual check only,True,True,True,False,False,False,False,True,False,0,4,ROCE > 15%; ROE > 15%; PEG <= 2; Debt/Equity,False,False
PTC,15628156928,13.969932,4.595871,18.54,35.05,1.3113,46.335,28.23,0.35,NOT AVAILABLE - manual check only,True,True,False,True,True,True,True,True,False,0,1,Price/Book <= 2.5,False,False
PSA,53030547456,27.106972,10.297522,10.69,21.93,3.8787,109.632,45.7,9.56,NOT AVAILABLE - manual check only,True,False,False,False,True,False,False,True,False,0,5,PE 10-25; Price/Book <= 2.5; ROCE > 15%; PEG <= 2; Debt/Equity,False,False
PHM,22044985344,11.821246,1.66895,17.46,14.9,1.0218,19.065,15.69,0.67,NOT AVAILABLE - manual check only,True,True,True,True,False,True,True,True,False,0,1,ROE > 15%,False,False
PWR,101716328448,77.49828,10.548834,10.18,15.34,1.4518,67.78,7.22,0.67,NOT AVAILABLE - manual check only,True,False,False,False,True,True,True,False,False,0,4,PE 10-25; Price/Book <= 2.5; ROCE > 15%; Operating margin > 15%,False,False
QCOM,197452333056,21.152174,7.0650053,32.51,33.75,0.8803,55.21,18.53,0.12,NOT AVAILABLE - manual check only,True,True,False,True,True,True,True,True,False,0,1,Price/Book <= 2.5,False,False
DGX,25753415680,24.509453,3.4149017,11.44,14.6,1.5271,81.074,15.25,0.43,NOT AVAILABLE - manual check only,True,True,False,False,False,True,True,True,False,0,3,Price/Book <= 2.5; ROCE > 15%; ROE > 15%,False,False
Q,27506739200,46.95714,3.7916715,8.08,6.72,1.3166,59.992,22.32,0.07,NOT AVAILABLE - manual check only,True,False,False,False,False,True,True,True,False,0,4,PE 10-25; Price/Book <= 2.5; ROCE > 15%; ROE > 15%,False,False
RL,21650399232,22.882242,7.9574714,20.83,37.54,1.8574,110.373,18.39,2.54,NOT AVAILABLE - manual check only,True,True,False,True,True,True,False,True,False,0,2,Price/Book <= 2.5; Debt/Equity,False,False
RJF,30392141824,13.793374,2.3935673,,18.42,0.7824,47.594,19.3,10.55,NOT AVAILABLE - manual check only,True,True,True,,True,True,True,True,False,1,0,,False,True
RDDT,28447748096,34.386044,8.654882,14.89,30.71,0.7581,0.635,28.79,0.65,NOT AVAILABLE - manual check only,True,False,False,False,True,True,True,True,False,0,3,PE 10-25; Price/Book <= 2.5; ROCE > 15%,False,False
RTX,248903958528,32.45694,3.7498477,9.41,12.27,2.2145,57.02,12.7,0.09,NOT AVAILABLE - manual check only,True,False,False,False,False,False,True,False,False,0,6,PE 10-25; Price/Book <= 2.5; ROCE > 15%; ROE > 15%; PEG <= 2; Operating margin > 15%,False,False
O,51218784256,39.51095,1.2950381,3.27,3.23,2.8516,74.722,46.97,0.12,NOT AVAILABLE - manual check only,True,False,True,False,False,False,True,True,False,0,4,PE 10-25; ROCE > 15%; ROE > 15%; PEG <= 2,False,False
REG,13386245120,24.189188,1.967195,5.98,8.19,,71.972,39.64,0.65,NOT AVAILABLE - manual check only,True,True,True,False,False,,True,True,False,1,2,ROCE > 15%; ROE > 15%,False,False
REGN,75692515328,18.180021,2.3257654,14.57,14.04,1.3196,8.535,33.11,2.08,NOT AVAILABLE - manual check only,True,True,True,False,False,True,True,True,False,0,2,ROCE > 15%; ROE > 15%,False,False
RF,23087290368,11.01626,1.3227254,,11.87,1.4531,,39.31,0.27,NOT AVAILABLE - manual check only,True,True,True,,False,True,,True,False,2,1,ROE > 15%,False,False
RSG,64169992192,29.68272,5.329603,10.41,18.15,2.7439,118.798,20.43,0.18,NOT AVAILABLE - manual check only,True,False,False,False,True,False,False,True,False,0,5,PE 10-25; Price/Book <= 2.5; ROCE > 15%; PEG <= 2; Debt/Equity,False,False
RMD,30784524288,21.006718,4.7943316,25.21,24.27,1.2899,12.542,30.86,0.5,NOT AVAILABLE - manual check only,True,True,False,True,True,True,True,True,False,0,1,Price/Book <= 2.5,False,False
RVTY,16908687360,72.85097,2.3390396,3.33,3.21,0.7337,46.225,17.05,0.26,NOT AVAILABLE - manual check only,True,False,True,False,False,True,True,True,False,0,3,PE 10-25; ROCE > 15%; ROE > 15%,False,False
HOOD,101362540544,50.106667,10.691322,22.36,23.62,2.1423,240.279,43.88,0.96,NOT AVAILABLE - manual check only,True,False,False,True,True,False,False,True,False,0,4,PE 10-25; Price/Book <= 2.5; PEG <= 2; Debt/Equity,False,False
ROK,50557321216,42.542133,14.440312,13.8,30.63,1.9085,103.347,20.97,0.16,NOT AVAILABLE - manual check only,True,False,False,False,True,True,False,True,False,0,4,PE 10-25; Price/Book <= 2.5; ROCE > 15%; Debt/Equity,False,False
ROL,14511345664,27.41818,10.151464,30.98,37.01,2.6402,78.015,18.8,38.49,NOT AVAILABLE - manual check only,True,False,False,True,True,False,True,True,False,0,3,PE 10-25; Price/Book <= 2.5; PEG <= 2,False,False
ROP,35042557952,14.769487,1.8738862,7.33,13.07,1.432,60.531,27.73,0.39,NOT AVAILABLE - manual check only,True,True,True,False,False,True,True,True,False,0,2,ROCE > 15%; ROE > 15%,False,False
ROST,73311305728,27.634823,10.83436,26.86,42.63,2.4926,70.281,13.58,2.14,NOT AVAILABLE - manual check only,True,False,False,True,True,False,True,False,False,0,4,PE 10-25; Price/Book <= 2.5; PEG <= 2; Operating margin > 15%,False,False
RCL,74282139648,17.155033,7.256813,18.15,44.67,0.9494,224.816,27.07,6.2,NOT AVAILABLE - manual check only,True,True,False,True,True,True,False,True,False,0,2,Price/Book <= 2.5; Debt/Equity,False,False
SPGI,113872396288,23.52436,3.6148984,12.16,14.26,1.9431,42.98,44.79,0.11,NOT AVAILABLE - manual check only,True,True,False,False,False,True,True,True,False,0,3,Price/Book <= 2.5; ROCE > 15%; ROE > 15%,False,False
CRM,193149878272,21.511457,5.03281,11.86,19.38,0.7791,110.417,21.38,2.98,NOT AVAILABLE - manual check only,True,True,False,False,True,True,False,True,False,0,3,Price/Book <= 2.5; ROCE > 15%; Debt/Equity,False,False
SNDK,251839234048,23.309256,16.286087,77.34,91.64,,1.277,78.47,0.98,NOT AVAILABLE - manual check only,True,True,False,True,True,,True,True,False,1,1,Price/Book <= 2.5,False,False
SBAC,16813905920,17.097088,-3.6315937,19.32,,10.7669,,52.16,0.77,NOT AVAILABLE - manual check only,True,True,True,True,,False,,True,False,2,1,PEG <= 2,False,False
SLB,72337145856,23.775612,2.7743626,12.08,12.91,1.374,47.002,12.71,0.22,NOT AVAILABLE - manual check only,True,True,False,False,False,True,True,False,False,0,4,Price/Book <= 2.5; ROCE > 15%; ROE > 15%; Operating margin > 15%,False,False
STX,193054392320,60.99066,88.85295,58.06,371.53,0.5262,179.88,43.07,0.32,NOT AVAILABLE - manual check only,True,False,False,True,True,True,False,True,False,0,3,PE 10-25; Price/Book <= 2.5; Debt/Equity,False,False
SRE,51252707328,22.71884,1.5677254,3.04,6.68,0.6657,84.663,28.33,0.1,NOT AVAILABLE - manual check only,True,True,True,False,False,True,True,True,False,0,2,ROCE > 15%; ROE > 15%,False,False
NOW,138930388992,86.14103,11.100282,14.65,14.24,1.0143,67.538,4.06,0.17,NOT AVAILABLE - manual check only,True,False,False,False,False,True,True,False,False,0,5,PE 10-25; Price/Book <= 2.5; ROCE > 15%; ROE > 15%; Operating margin > 15%,False,False
SHW,77563658240,29.50231,20.003132,20.04,65.12,2.1026,389.958,18.12,6.36,NOT AVAILABLE - manual check only,True,False,False,True,True,False,False,True,False,0,4,PE 10-25; Price/Book <= 2.5; PEG <= 2; Debt/Equity,False,False
SPG,76285337600,14.181369,14.796406,17.44,120.51,,503.504,46.02,1.8,NOT AVAILABLE - manual check only,True,True,False,True,True,,False,True,False,1,2,Price/Book <= 2.5; Debt/Equity,False,False
SWKS,12794700800,44.056995,2.2301197,8.4,5.09,12.7368,11.869,8.82,0.4,NOT AVAILABLE - manual check only,True,False,True,False,False,False,True,False,False,0,5,PE 10-25; ROCE > 15%; ROE > 15%; PEG <= 2; Operating margin > 15%,False,False
SJM,12518608896,54.00461,2.176877,2.33,3.93,,120.682,17.9,2.26,NOT AVAILABLE - manual check only,True,False,True,False,False,,False,True,False,1,4,PE 10-25; ROCE > 15%; ROE > 15%; Debt/Equity,False,False
SW,22313205760,45.25532,1.2354786,4.72,2.71,,78.427,5.47,0.51,NOT AVAILABLE - manual check only,True,False,True,False,False,,True,False,False,1,4,PE 10-25; ROCE > 15%; ROE > 15%; Operating margin > 15%,False,False
SNA,19082135552,18.831036,3.1582282,18.5,17.93,1.8947,21.595,25.4,2.42,NOT AVAILABLE - manual check only,True,True,False,True,True,True,True,True,False,0,1,Price/Book <= 2.5,False,False
SOLV,14954153984,10.739608,3.1134818,18.46,33.96,,110.313,9.78,15.34,NOT AVAILABLE - manual check only,True,True,False,True,True,,False,False,False,1,3,Price/Book <= 2.5; Debt/Equity; Operating margin > 15%,False,False
SO,96308396032,20.173494,2.4338624,5.93,11.48,1.9727,182.058,29.61,0.1,NOT AVAILABLE - manual check only,True,True,True,False,False,True,False,True,False,0,3,ROCE > 15%; ROE > 15%; Debt/Equity,False,False
LUV,20776673280,26.54375,2.9338217,3.73,11.1,0.1993,97.275,3.38,1.01,NOT AVAILABLE - manual check only,True,False,False,False,False,True,True,False,False,0,5,PE 10-25; Price/Book <= 2.5; ROCE > 15%; ROE > 15%; Operating margin > 15%,False,False
SWK,13793859584,22.332516,1.5396544,5.84,6.89,,58.172,8.44,0.32,NOT AVAILABLE - manual check only,True,True,True,False,False,,True,False,False,1,3,ROCE > 15%; ROE > 15%; Operating margin > 15%,False,False
SBUX,107969396736,54.745663,-14.066538,13.98,,1.1143,,12.92,0.13,NOT AVAILABLE - manual check only,True,False,True,False,,True,,False,False,2,3,PE 10-25; ROCE > 15%; Operating margin > 15%,False,False
STT,48336523264,15.530451,2.0223427,,12.44,0.6722,,34.31,0.36,NOT AVAILABLE - manual check only,True,True,True,,False,True,,True,False,2,1,ROE > 15%,False,False
STLD,33250684928,21.051723,3.5369182,10.93,17.57,,46.924,11.5,6.57,NOT AVAILABLE - manual check only,True,True,False,False,True,,True,False,False,1,3,Price/Book <= 2.5; ROCE > 15%; Operating margin > 15%,False,False
STE,20332673024,25.525091,2.8213487,11.55,11.39,1.7414,28.312,19.15,0.31,NOT AVAILABLE - manual check only,True,False,False,False,False,True,True,True,False,0,4,PE 10-25; Price/Book <= 2.5; ROCE > 15%; ROE > 15%,False,False
SYK,105647521792,28.571575,4.4042025,12.79,16.51,1.2877,64.391,27.02,5.36,NOT AVAILABLE - manual check only,True,False,False,False,True,True,True,True,False,0,3,PE 10-25; Price/Book <= 2.5; ROCE > 15%,False,False
SMCI,28702816256,13.40184,2.799026,13.1,21.47,,63.951,13.38,12.68,NOT AVAILABLE - manual check only,True,True,False,False,True,,True,False,False,1,3,Price/Book <= 2.5; ROCE > 15%; Operating margin > 15%,False,False
SYF,23351865344,7.3610253,1.5364031,,20.79,0.8772,,50.22,0.35,NOT AVAILABLE - manual check only,True,False,True,,True,True,,True,False,2,1,PE 10-25,False,False
SNPS,93882785792,85.49738,3.013156,4.13,3.66,2.1917,34.804,14.52,2.99,NOT AVAILABLE - manual check only,True,False,False,False,False,False,True,False,False,0,6,PE 10-25; Price/Book <= 2.5; ROCE > 15%; ROE > 15%; PEG <= 2; Operating margin > 15%,False,False
SYY,37161746432,21.230135,13.909531,16.74,77.69,1.449,564.591,4.84,0.18,NOT AVAILABLE - manual check only,True,True,False,True,True,True,False,False,False,0,3,Price/Book <= 2.5; Debt/Equity; Operating margin > 15%,False,False
TMUS,175531982848,17.117153,3.126003,9.27,17.99,0.5854,214.035,25.22,55.55,NOT AVAILABLE - manual check only,True,True,False,False,True,True,False,True,True,0,3,Price/Book <= 2.5; ROCE > 15%; Debt/Equity,True,False
TROW,22317105152,10.504016,2.0283449,17.78,19.4,2.1611,3.702,28.69,1.7,NOT AVAILABLE - manual check only,True,True,True,True,True,False,True,True,False,0,1,PEG <= 2,False,False
TTWO,37906546688,,10.506323,-0.54,-9.04,2.8155,81.607,0.51,1.78,NOT AVAILABLE - manual check only,True,,False,False,False,False,True,False,False,1,5,Price/Book <= 2.5; ROCE > 15%; ROE > 15%; PEG <= 2; Operating margin > 15%,False,False
TPR,23552145408,16.269972,34.198032,37.96,197.13,1.6114,571.608,19.82,0.42,NOT AVAILABLE - manual check only,True,True,False,True,True,True,False,True,False,0,2,Price/Book <= 2.5; Debt/Equity,False,False
TRGP,60413796352,26.960766,16.521433,15.41,70.84,,515.794,27.8,1.38,NOT AVAILABLE - manual check only,True,False,False,True,True,,False,True,False,1,3,PE 10-25; Price/Book <= 2.5; Debt/Equity,False,False
TGT,70870294528,16.182571,3.97179,13.62,26.41,1.9793,107.583,6.04,0.27,NOT AVAILABLE - manual check only,True,True,False,False,True,True,False,False,False,0,4,Price/Book <= 2.5; ROCE > 15%; Debt/Equity; Operating margin > 15%,False,False
TEL,63797133312,21.603922,4.823465,16.44,23.29,0.9194,43.441,20.77,0.12,NOT AVAILABLE - manual check only,True,True,False,True,True,True,True,True,False,0,1,Price/Book <= 2.5,False,False
TDY,28609329152,29.84381,2.6202343,8.6,9.15,,18.565,20.2,0.84,NOT AVAILABLE - manual check only,True,False,False,False,False,,True,True,False,1,4,PE 10-25; Price/Book <= 2.5; ROCE > 15%; ROE > 15%,False,False
TER,70203252736,61.766163,22.35921,21.51,36.46,0.7296,2.883,33.16,0.2,NOT AVAILABLE - manual check only,True,False,False,True,True,True,True,True,False,0,2,PE 10-25; Price/Book <= 2.5,False,False
TSLA,1463662804992,346.34576,16.84883,5.29,4.67,4.5442,18.373,1.41,17.82,NOT AVAILABLE - manual check only,True,False,False,False,False,False,True,False,False,0,6,PE 10-25; Price/Book <= 2.5; ROCE > 15%; ROE > 15%; PEG <= 2; Operating margin > 15%,False,False
TXN,268312150016,44.650455,14.896314,19.9,35.18,0.9708,78.036,42.58,0.28,NOT AVAILABLE - manual check only,True,False,False,True,True,True,True,True,False,0,2,PE 10-25; Price/Book <= 2.5,False,False
TPL,23464497152,43.502556,14.0301895,39.43,36.57,,1.077,78.18,0.4,NOT AVAILABLE - manual check only,True,False,False,True,True,,True,True,False,1,2,PE 10-25; Price/Book <= 2.5,False,False
TXT,13287709696,14.549907,1.6493394,9.17,12.13,0.896,52.285,8.7,0.73,NOT AVAILABLE - manual check only,True,True,True,False,False,True,True,False,False,0,3,ROCE > 15%; ROE > 15%; Operating margin > 15%,False,False
TMO,242110529536,35.2043,4.595958,9.17,13.51,1.9816,80.575,18.75,0.13,NOT AVAILABLE - manual check only,True,False,False,False,False,True,True,True,False,0,4,PE 10-25; Price/Book <= 2.5; ROCE > 15%; ROE > 15%,False,False
TJX,145944543232,24.570368,14.093903,32.91,62.17,2.5693,134.419,10.91,0.15,NOT AVAILABLE - manual check only,True,True,False,True,True,False,False,False,False,0,4,Price/Book <= 2.5; PEG <= 2; Debt/Equity; Operating margin > 15%,False,False
TKO,33231976448,61.823948,3.8429382,5.93,7.06,1.5863,59.216,32.39,18.21,NOT AVAILABLE - manual check only,True,False,False,False,False,True,True,True,False,0,4,PE 10-25; Price/Book <= 2.5; ROCE > 15%; ROE > 15%,False,False
TSCO,16199137280,16.192709,6.1870646,17.64,39.51,2.0348,248.71,12.07,0.35,NOT AVAILABLE - manual check only,True,True,False,True,True,False,False,False,False,0,4,Price/Book <= 2.5; PEG <= 2; Debt/Equity; Operating margin > 15%,False,False
TT,102070960128,34.594334,11.851975,25.8,36.64,1.5456,53.404,19.25,0.27,NOT AVAILABLE - manual check only,True,False,False,True,True,True,True,True,False,0,2,PE 10-25; Price/Book <= 2.5,False,False
TDG,60272414720,33.112057,-6.4913616,20.27,,3.0456,,46.01,0.41,NOT AVAILABLE - manual check only,True,False,True,True,,False,,True,False,2,2,PE 10-25; PEG <= 2,False,False
TRV,75166269440,9.679829,2.2697098,,26.51,,27.378,23.7,0.28,NOT AVAILABLE - manual check only,True,False,True,,True,,True,True,False,2,1,PE 10-25,False,False
TRMB,13412504576,,2.3641596,7.48,-1.94,1.3966,28.553,15.13,0.4,NOT AVAILABLE - manual check only,True,,True,False,False,True,True,True,False,1,2,ROCE > 15%; ROE > 15%,False,False
TFC,56744538112,10.678162,0.9669429,,9.06,1.1007,,39.81,0.18,NOT AVAILABLE - manual check only,True,True,True,,False,True,,True,False,2,1,ROE > 15%,False,False
TYL,13219803136,42.363518,4.3503046,10.18,9.73,1.518,47.906,14.74,0.52,NOT AVAILABLE - manual check only,True,False,False,False,False,True,True,False,False,0,5,PE 10-25; Price/Book <= 2.5; ROCE > 15%; ROE > 15%; Operating margin > 15%,False,False
TSN,18254979072,32.030865,1.0097295,4.02,3.26,1.0438,44.025,2.71,2.61,NOT AVAILABLE - manual check only,True,False,True,False,False,True,True,False,False,0,4,PE 10-25; ROCE > 15%; ROE > 15%; Operating margin > 15%,False,False
USB,89603538944,11.479041,1.4779882,,12.62,1.7932,,39.65,0.12,NOT AVAILABLE - manual check only,True,True,True,,False,True,,True,False,2,1,ROE > 15%,False,False
UBER,139118772224,14.936404,5.086632,12.61,37.16,5.919,51.872,13.32,0.21,NOT AVAILABLE - manual check only,True,True,False,False,True,False,True,False,False,0,4,Price/Book <= 2.5; ROCE > 15%; PEG <= 2; Operating margin > 15%,False,False
UDR,12222208000,21.056961,3.691335,6.21,13.74,,156.144,20.18,0.44,NOT AVAILABLE - manual check only,True,True,False,False,False,,False,True,False,1,4,Price/Book <= 2.5; ROCE > 15%; ROE > 15%; Debt/Equity,False,False
ULTA,23246809088,19.799345,8.56542,32.44,46.12,1.9591,95.472,12.51,0.25,NOT AVAILABLE - manual check only,True,True,False,True,True,True,True,False,False,0,2,Price/Book <= 2.5; Operating margin > 15%,False,False
UNP,165319327744,22.514565,8.50801,16.19,39.7,2.7237,150.772,40.98,0.07,NOT AVAILABLE - manual check only,True,True,False,True,True,False,False,True,False,0,3,Price/Book <= 2.5; PEG <= 2; Debt/Equity,False,False
UAL,36517339136,10.534644,2.1871657,10.88,23.25,,201.641,5.53,0.59,NOT AVAILABLE - manual check only,True,True,True,False,True,,False,False,False,1,3,ROCE > 15%; Debt/Equity; Operating margin > 15%,False,False
UPS,79139700736,17.289963,5.253883,14.24,29.6,1.3619,189.9,9.05,0.02,NOT AVAILABLE - manual check only,True,True,False,False,True,True,False,False,False,0,4,Price/Book <= 2.5; ROCE > 15%; Debt/Equity; Operating margin > 15%,False,False
URI,67286622208,25.974052,7.305904,15.56,28.89,1.3403,166.793,25.99,0.43,NOT AVAILABLE - manual check only,True,False,False,True,True,True,False,True,False,0,3,PE 10-25; Price/Book <= 2.5; Debt/Equity,False,False
UNH,333815513088,23.916397,3.4187956,9.6,14.15,1.0118,69.211,7.13,0.25,NOT AVAILABLE - manual check only,True,True,False,False,False,True,True,False,False,0,4,Price/Book <= 2.5; ROCE > 15%; ROE > 15%; Operating margin > 15%,False,False
UHS,10356324352,7.172245,1.3783042,17.29,20.95,1.2093,68.74,11.14,4.98,NOT AVAILABLE - manual check only,True,False,True,True,True,True,True,False,False,0,2,PE 10-25; Operating margin > 15%,False,False
VLO,116984922112,16.950356,4.679258,8.12,27.64,1.8505,40.148,12.27,0.42,NOT AVAILABLE - manual check only,True,True,False,False,True,True,True,False,False,0,3,Price/Book <= 2.5; ROCE > 15%; Operating margin > 15%,False,False
VEEV,44254543872,44.808197,6.0973053,12.48,14.42,1.2067,2.041,29.64,8.62,NOT AVAILABLE - manual check only,True,False,False,False,False,True,True,True,False,0,4,PE 10-25; Price/Book <= 2.5; ROCE > 15%; ROE > 15%,False,False
VTR,43092627456,152.74545,2.9416296,3.28,2.01,4.9384,84.928,14.81,0.51,NOT AVAILABLE - manual check only,True,False,False,False,False,False,True,False,False,0,6,PE 10-25; Price/Book <= 2.5; ROCE > 15%; ROE > 15%; PEG <= 2; Operating margin > 15%,False,False
VLTO,23082354688,23.848866,7.465699,22.51,34.31,2.2699,115.978,21.37,0.19,NOT AVAILABLE - manual check only,True,True,False,True,True,False,False,True,False,0,3,Price/Book <= 2.5; PEG <= 2; Debt/Equity,False,False
VRSN,26064128000,31.339132,-11.562864,,,2.1631,,68.18,10.58,NOT AVAILABLE - manual check only,True,False,True,,,False,,True,False,3,2,PE 10-25; PEG <= 2,False,False
VRSK,21329969152,25.173578,-18.386627,34.46,,1.4456,,45.11,0.27,NOT AVAILABLE - manual check only,True,False,True,True,,True,,True,False,2,1,PE 10-25,False,False
VZ,190787272704,11.958333,1.8359188,8.59,15.84,0.8273,184.081,23.0,0.05,NOT AVAILABLE - manual check only,True,True,True,False,True,True,False,True,False,0,2,ROCE > 15%; Debt/Equity,False,False
VRTX,127929335808,29.499123,6.315362,21.38,23.54,1.8976,9.767,38.05,0.21,NOT AVAILABLE - manual check only,True,False,False,True,True,True,True,True,False,0,2,PE 10-25; Price/Book <= 2.5,False,False
VRT,97086308352,57.183674,20.404562,23.42,43.94,0.8388,70.166,20.36,0.24,NOT AVAILABLE - manual check only,True,False,False,True,True,True,True,True,False,0,2,PE 10-25; Price/Book <= 2.5,False,False
VTRS,20215199744,,1.398157,-10.61,-2.75,1.0487,95.535,12.55,0.32,NOT AVAILABLE - manual check only,True,,True,False,False,True,True,False,False,1,3,ROCE > 15%; ROE > 15%; Operating margin > 15%,False,False
VICI,24939405312,8.77907,0.8549428,7.97,9.85,,60.277,70.18,0.28,NOT AVAILABLE - manual check only,True,False,True,False,False,,True,True,False,1,3,PE 10-25; ROCE > 15%; ROE > 15%,False,False
V,677086953472,30.668367,19.112877,41.12,61.19,1.6368,67.821,66.13,0.08,NOT AVAILABLE - manual check only,True,False,False,True,True,True,True,True,False,0,2,PE 10-25; Price/Book <= 2.5,False,False
VST,46995640320,23.572392,15.64994,7.08,42.96,0.3441,373.28,13.77,0.78,NOT AVAILABLE - manual check only,True,True,False,False,True,True,False,False,False,0,4,Price/Book <= 2.5; ROCE > 15%; Debt/Equity; Operating margin > 15%,False,False
VMRK,46264254464,22.908047,,6.37,8.49,,75.129,29.5,0.48,NOT AVAILABLE - manual check only,True,True,,False,False,,True,True,False,2,2,ROCE > 15%; ROE > 15%,False,False
VMC,31495407616,28.662737,3.7156615,10.35,13.23,1.6502,58.22,21.61,0.23,NOT AVAILABLE - manual check only,True,False,False,False,False,True,True,True,False,0,4,PE 10-25; Price/Book <= 2.5; ROCE > 15%; ROE > 15%,False,False
WRB,25607276544,14.193416,2.7248669,,20.21,4.4549,31.527,16.39,26.36,NOT AVAILABLE - manual check only,True,True,False,,True,False,True,True,False,1,2,Price/Book <= 2.5; PEG <= 2,False,False
GWW,60303339520,32.677387,14.597633,35.76,46.09,1.732,61.977,16.07,6.28,NOT AVAILABLE - manual check only,True,False,False,True,True,True,True,True,False,0,2,PE 10-25; Price/Book <= 2.5,False,False
WAB,48568627200,38.75202,4.335907,10.74,11.55,,61.686,19.19,0.7,NOT AVAILABLE - manual check only,True,False,False,False,False,,True,True,False,1,4,PE 10-25; Price/Book <= 2.5; ROCE > 15%; ROE > 15%,False,False
WMT,829709352960,37.775364,8.429137,18.21,22.31,4.2203,71.653,3.45,44.25,NOT AVAILABLE - manual check only,True,False,False,True,True,False,True,False,False,0,4,PE 10-25; Price/Book <= 2.5; PEG <= 2; Operating margin > 15%,False,False
DIS,176450125824,21.070105,1.6067104,8.46,8.01,3.369,39.404,19.3,0.06,NOT AVAILABLE - manual check only,True,True,True,False,False,False,True,True,False,0,3,ROCE > 15%; ROE > 15%; PEG <= 2,False,False
WBD,77570809856,,2.3630948,4.25,-8.79,55.1758,94.199,5.1,4.14,NOT AVAILABLE - manual check only,True,,True,False,False,False,True,False,False,1,4,ROCE > 15%; ROE > 15%; PEG <= 2; Operating margin > 15%,False,False
WM,81721769984,28.917963,8.238968,10.76,29.84,1.9016,235.301,18.99,0.25,NOT AVAILABLE - manual check only,True,False,False,False,True,True,False,True,False,0,4,PE 10-25; Price/Book <= 2.5; ROCE > 15%; Debt/Equity,False,False
WAT,41749606400,107.648094,2.7486813,21.49,1.92,1.5658,36.045,9.42,0.1,NOT AVAILABLE - manual check only,True,False,False,True,False,True,True,False,False,0,4,PE 10-25; Price/Book <= 2.5; ROE > 15%; Operating margin > 15%,False,False
WEC,33103036416,19.726213,,5.59,11.99,1.9861,157.985,21.8,0.15,NOT AVAILABLE - manual check only,True,True,,False,False,True,False,True,False,1,3,ROCE > 15%; ROE > 15%; Debt/Equity,False,False
WFC,243280723968,11.693314,1.4780451,,12.57,1.3852,,37.39,0.09,NOT AVAILABLE - manual check only,True,True,True,,False,True,,True,False,2,1,ROE > 15%,False,False
WELL,164081467392,102.572075,3.5269425,0.26,3.84,,41.375,16.56,0.06,NOT AVAILABLE - manual check only,True,False,False,False,False,,True,True,False,1,4,PE 10-25; Price/Book <= 2.5; ROCE > 15%; ROE > 15%,False,False
WST,25685745664,46.732395,8.593022,16.64,19.09,,10.585,22.47,0.66,NOT AVAILABLE - manual check only,True,False,False,True,True,,True,True,False,1,2,PE 10-25; Price/Book <= 2.5,False,False
WDC,149729050624,15.432553,,104.67,130.85,0.9019,13.436,43.61,0.5,NOT AVAILABLE - manual check only,True,True,,True,True,True,True,True,False,1,0,,False,True
WY,13311993856,27.984846,1.410893,3.48,4.97,,57.625,8.03,0.33,NOT AVAILABLE - manual check only,True,False,True,False,False,,True,False,False,1,4,PE 10-25; ROCE > 15%; ROE > 15%; Operating margin > 15%,False,False
WSM,27360102400,23.80123,14.628464,40.94,54.96,3.0094,71.369,17.27,1.09,NOT AVAILABLE - manual check only,True,True,False,True,True,False,True,True,False,0,2,Price/Book <= 2.5; PEG <= 2,False,False
WMB,86282231808,28.103586,6.5582004,9.66,21.5,2.0746,200.371,39.54,0.45,NOT AVAILABLE - manual check only,True,False,False,False,True,False,False,True,False,0,5,PE 10-25; Price/Book <= 2.5; ROCE > 15%; PEG <= 2; Debt/Equity,False,False
WTW,26803767296,17.88166,3.4914045,14.25,19.76,,91.39,17.56,0.27,NOT AVAILABLE - manual check only,True,True,False,False,True,,True,True,False,1,2,Price/Book <= 2.5; ROCE > 15%,False,False
WDAY,44859740160,38.618256,6.9442267,9.6,16.01,0.7031,58.39,11.82,2.18,NOT AVAILABLE - manual check only,True,False,False,False,True,True,True,False,False,0,4,PE 10-25; Price/Book <= 2.5; ROCE > 15%; Operating margin > 15%,False,False
WYNN,7813658112,18.196642,-45.62838,9.94,,0.7336,,16.54,27.45,NOT AVAILABLE - manual check only,True,True,True,False,,True,,True,False,2,1,ROCE > 15%,False,False
XEL,44598890496,19.561644,1.8531977,4.19,9.92,1.7763,173.135,22.7,0.2,NOT AVAILABLE - manual check only,True,True,True,False,False,True,False,True,False,0,3,ROCE > 15%; ROE > 15%; Debt/Equity,False,False
XYL,23766622208,24.235716,2.1597707,8.19,9.18,1.3219,28.642,17.0,0.34,NOT AVAILABLE - manual check only,True,True,True,False,False,True,True,True,False,0,2,ROCE > 15%; ROE > 15%,False,False
YUM,37147295744,17.143576,-5.1474814,38.59,,1.7545,,32.78,0.16,NOT AVAILABLE - manual check only,True,True,True,True,,True,,True,False,2,0,,False,True
ZBRA,17782183936,34.482567,5.1853485,10.05,15.29,0.6247,86.23,21.26,0.85,NOT AVAILABLE - manual check only,True,False,False,False,True,True,True,True,False,0,3,PE 10-25; Price/Book <= 2.5; ROCE > 15%,False,False
ZBH,16840230912,21.429613,1.3330414,5.48,6.41,0.5712,60.175,17.96,0.16,NOT AVAILABLE - manual check only,True,True,True,False,False,True,True,True,False,0,2,ROCE > 15%; ROE > 15%,False,False
ZTS,28797554688,11.2767,,27.07,64.91,6.6639,293.996,40.72,0.16,NOT AVAILABLE - manual check only,True,True,,True,True,False,False,True,False,1,2,PEG <= 2; Debt/Equity,False,False
